,original,prefecture,address1,address2,address3,address4,address5,caution
0,東京都大田区大森本町1-8-12-S-1203,東京都,大田区,大森本町,1-8-12,S,1203,
1,東京都大田区山王1-7-8山王薬局1丁目店,東京都,大田区,山王,1-7-8,山王薬局1丁目店,,
2,東京都台東区浅草橋1-32-6-2F,東京都,台東区,浅草橋,1-32-6,,2F,CAUTION: address4と、address5のデータには不正な文字列が含まれている可能性があります。両方について確認することを推奨します。  
3,東京都品川区高輪4-8-10-5階,東京都,品川区,高輪,4-8-10,,5階,CAUTION: address4と、address5のデータには不正な文字列が含まれている可能性があります。両方について確認することを推奨します。  ERROR: address2'のデータは、自動チェック機構が参照する日本郵便のデータセットに合致しません。  
4,東京都大田区西六郷4-30-7音金六郷マンション1-C号,東京都,大田区,西六郷,4-30-7,音金6郷マンション1,-C号,CAUTION: address4に何らかの問題がある可能性があります。  
5,北海道蛭田郡豊浦町字桜207,北海道,蛭田郡豊浦町,字桜,207,,,ERROR: address2のデータは、address1のデータから推測されるデータに一致しません。（自動チェック機構が参照するデータセットに合致しないか、表記が異なります。）  
6,東京都千代田区一番町8,東京都,千代田区,一番町,8,,,
7,豊平区豊平4条3-3-10-403,,豊平区,豊平四条,3-3-10-403,,,VALUE ERROR: prefectureの列の情報がありません。元データに都道府県情報が欠落している可能性があります。入力されたデータ形式は、自動チェック機構が推奨する形式ではありません。  ERROR: address2のデータは、address1のデータから推測されるデータに一致しません。（自動チェック機構が参照するデータセットに合致しないか、表記が異なります。）  
8,住吉1-17-18　アルぺ-ジュ401,,,住吉,1-17-18,アルぺージュ,401,VALUE ERROR: prefectureの列の情報がありません。元データに都道府県情報が欠落している可能性があります。入力されたデータ形式は、自動チェック機構が推奨する形式ではありません。  ERROR: address1の列の情報がありません。市区町村以降の自動チェック機構はこの行には働きません。  
9,本町田2428-ハ-10-109,,本町,田,10-109,,,ERROR: データは、整形不可能な状態です。自動整形システムは正しく動作しません。この行の全ての結果を確認することを推奨します。  VALUE ERROR: prefectureの列の情報がありません。元データに都道府県情報が欠落している可能性があります。入力されたデータ形式は、自動チェック機構が推奨する形式ではありません。  ERROR: データは、整形不可能な状態です。自動整形システムは正しく動作しません。この行の全ての結果を確認することを推奨します。  ERROR: address2のデータは、address1のデータから推測されるデータに一致しません。（自動チェック機構が参照するデータセットに合致しないか、表記が異なります。）  
10,鷹取町2-7-Ｂ203,,鷹取町,,2-7,B,203,VALUE ERROR: prefectureの列の情報がありません。元データに都道府県情報が欠落している可能性があります。入力されたデータ形式は、自動チェック機構が推奨する形式ではありません。  ERROR: address2のデータは、address1のデータから推測されるデータに一致しません。（自動チェック機構が参照するデータセットに合致しないか、表記が異なります。）  
11,走水2-21-E-201,,,走水,2-21,E,201,VALUE ERROR: prefectureの列の情報がありません。元データに都道府県情報が欠落している可能性があります。入力されたデータ形式は、自動チェック機構が推奨する形式ではありません。  ERROR: address1の列の情報がありません。市区町村以降の自動チェック機構はこの行には働きません。  
12,つきみ野4-6-Ｃ1-502,,,つきみ野,4-6,C1,502,VALUE ERROR: prefectureの列の情報がありません。元データに都道府県情報が欠落している可能性があります。入力されたデータ形式は、自動チェック機構が推奨する形式ではありません。  ERROR: address1の列の情報がありません。市区町村以降の自動チェック機構はこの行には働きません。  
13,豊四季357-55B-105,,,豊四季,357-55,B,105,VALUE ERROR: prefectureの列の情報がありません。元データに都道府県情報が欠落している可能性があります。入力されたデータ形式は、自動チェック機構が推奨する形式ではありません。  ERROR: address1の列の情報がありません。市区町村以降の自動チェック機構はこの行には働きません。  
14,大久保町540-C-402,,大久保町,,,540-C,402,VALUE ERROR: prefectureの列の情報がありません。元データに都道府県情報が欠落している可能性があります。入力されたデータ形式は、自動チェック機構が推奨する形式ではありません。  CAUTION: address4の情報は本来あるべきではない場所にある可能性があります。  ERROR: address2のデータは、address1のデータから推測されるデータに一致しません。（自動チェック機構が参照するデータセットに合致しないか、表記が異なります。）  ERROR: address3の列の情報がありません。  
15,長府東侍町10-C205,,長府東侍町,,,10-C,205,VALUE ERROR: prefectureの列の情報がありません。元データに都道府県情報が欠落している可能性があります。入力されたデータ形式は、自動チェック機構が推奨する形式ではありません。  CAUTION: address4の情報は本来あるべきではない場所にある可能性があります。  ERROR: address2のデータは、address1のデータから推測されるデータに一致しません。（自動チェック機構が参照するデータセットに合致しないか、表記が異なります。）  ERROR: address3の列の情報がありません。  
16,秋葉通2-3722-R2-104,,,秋葉通,2-3722,R2,104,VALUE ERROR: prefectureの列の情報がありません。元データに都道府県情報が欠落している可能性があります。入力されたデータ形式は、自動チェック機構が推奨する形式ではありません。  ERROR: address1の列の情報がありません。市区町村以降の自動チェック機構はこの行には働きません。  
17,高輪4-8-10-3F,,,高輪,4-8-10,,3F,CAUTION: address4と、address5のデータには不正な文字列が含まれている可能性があります。両方について確認することを推奨します。  VALUE ERROR: prefectureの列の情報がありません。元データに都道府県情報が欠落している可能性があります。入力されたデータ形式は、自動チェック機構が推奨する形式ではありません。  ERROR: address1の列の情報がありません。市区町村以降の自動チェック機構はこの行には働きません。  
18,高輪4-8-10-4F,,,高輪,4-8-10,,4F,CAUTION: address4と、address5のデータには不正な文字列が含まれている可能性があります。両方について確認することを推奨します。  VALUE ERROR: prefectureの列の情報がありません。元データに都道府県情報が欠落している可能性があります。入力されたデータ形式は、自動チェック機構が推奨する形式ではありません。  ERROR: address1の列の情報がありません。市区町村以降の自動チェック機構はこの行には働きません。  
19,東京都稲城市坂浜562都議会維新の党,東京都,稲城市,坂浜,562,都議会維新の党,,
20,秋田県横手市大森町字大中島268番地横手市役所まちづくり推進部大森地域課,秋田県,横手市,大森町字大中島,268,横手市役所まちづくり推進部大森地域課,,ERROR: address2'のデータは、自動チェック機構が参照する日本郵便のデータセットに合致しません。  
21,東京都小金井市中町3-7-1-A,東京都,小金井市,中町,3-7-1,A,,
22,大田区平和島5丁目3-2 首都圏営業本部京浜営業所,,大田区,平和島,5-3-2,首都圏営業本部京浜営業所,,VALUE ERROR: prefectureの列の情報がありません。元データに都道府県情報が欠落している可能性があります。入力されたデータ形式は、自動チェック機構が推奨する形式ではありません。  
23,大田区蒲田1丁目,,大田区,蒲田,1,,,VALUE ERROR: prefectureの列の情報がありません。元データに都道府県情報が欠落している可能性があります。入力されたデータ形式は、自動チェック機構が推奨する形式ではありません。  
24,高砂町朝日町1丁目9-14 3F,,高砂町,朝日町,1-9-14,,3F,CAUTION: address4と、address5のデータには不正な文字列が含まれている可能性があります。両方について確認することを推奨します。  VALUE ERROR: prefectureの列の情報がありません。元データに都道府県情報が欠落している可能性があります。入力されたデータ形式は、自動チェック機構が推奨する形式ではありません。  ERROR: address2のデータは、address1のデータから推測されるデータに一致しません。（自動チェック機構が参照するデータセットに合致しないか、表記が異なります。）  
25,名古屋市名東区一社1-143-4Ｃ,,名古屋市名東区,一社,1-143-4,C,,VALUE ERROR: prefectureの列の情報がありません。元データに都道府県情報が欠落している可能性があります。入力されたデータ形式は、自動チェック機構が推奨する形式ではありません。  
26,名古屋市中村区烏森町7-39　ソレイユJX-1-205,,名古屋市中村区,烏森町,7-39,ソレイユJX,1-205,VALUE ERROR: prefectureの列の情報がありません。元データに都道府県情報が欠落している可能性があります。入力されたデータ形式は、自動チェック機構が推奨する形式ではありません。  
27,刈谷市豊田町2丁目1番地,,刈谷市,豊田町,2-1,,,VALUE ERROR: prefectureの列の情報がありません。元データに都道府県情報が欠落している可能性があります。入力されたデータ形式は、自動チェック機構が推奨する形式ではありません。  
28,大府市中央町5-94-Ｃ,,大府市,中央町,5-94,C,,VALUE ERROR: prefectureの列の情報がありません。元データに都道府県情報が欠落している可能性があります。入力されたデータ形式は、自動チェック機構が推奨する形式ではありません。  
29,瀬戸市塩草町98の88,,瀬戸市,塩草町,98-88,,,VALUE ERROR: prefectureの列の情報がありません。元データに都道府県情報が欠落している可能性があります。入力されたデータ形式は、自動チェック機構が推奨する形式ではありません。  
30,豊明市前後町鎌ケ須1806/10,,豊明市,前後町鎌ケ須,1806-10,,,VALUE ERROR: prefectureの列の情報がありません。元データに都道府県情報が欠落している可能性があります。入力されたデータ形式は、自動チェック機構が推奨する形式ではありません。  ERROR: address2'のデータは、自動チェック機構が参照する日本郵便のデータセットに合致しません。  
31,名古屋市中区三の丸3丁目1番2号,,名古屋市中区,三の丸,3-1,,2号,CAUTION: address4と、address5のデータには不正な文字列が含まれている可能性があります。両方について確認することを推奨します。  VALUE ERROR: prefectureの列の情報がありません。元データに都道府県情報が欠落している可能性があります。入力されたデータ形式は、自動チェック機構が推奨する形式ではありません。  
32,豊明市沓掛町勅使台20B-12,,豊明市,沓掛町勅使台,,20B,12,CAUTION: address2のデータには不正な文字列が含まれている可能性があります。  VALUE ERROR: prefectureの列の情報がありません。元データに都道府県情報が欠落している可能性があります。入力されたデータ形式は、自動チェック機構が推奨する形式ではありません。  CAUTION: address4の情報は本来あるべきではない場所にある可能性があります。  ERROR: address2'のデータは、自動チェック機構が参照する日本郵便のデータセットに合致しません。  ERROR: address3の列の情報がありません。  
33,東京都千代田区永田町２-2-1衆議院第一会館501号,東京都,千代田区,永田町,2-2-1,衆議院第1会館,501号,
34,千葉県船橋市金杉町141ー2 船橋健恒会ケアセンター東棟,千葉県,船橋市,金杉町,141-2,船橋健恒会ケアセンター東棟,,
35,東京都千代田区永田町1-11-23,東京都,千代田区,永田町,1-11-23,,,
36,東京都品川区大井1-11-6-4F,東京都,品川区,大井,1-11-6,,4F,CAUTION: address4と、address5のデータには不正な文字列が含まれている可能性があります。両方について確認することを推奨します。  
37,福島県いわき市常磐西郷町落合86,福島県,いわき市,常磐西郷町落合,86,,,ERROR: address2'のデータは、自動チェック機構が参照する日本郵便のデータセットに合致しません。  
38,東京都中央区うまい棒村五丁目2番地53 お菓子タワー１５,東京都,中央区,うまい棒村,5-2-53,お菓子タワー,15,ERROR: address2'のデータは、自動チェック機構が参照する日本郵便のデータセットに合致しません。  
39,秋葉通2-3722-R2-104,,,秋葉通,2-3722,R2,104,VALUE ERROR: prefectureの列の情報がありません。元データに都道府県情報が欠落している可能性があります。入力されたデータ形式は、自動チェック機構が推奨する形式ではありません。  ERROR: address1の列の情報がありません。市区町村以降の自動チェック機構はこの行には働きません。  
40,大田区大森東3丁目9-18 第2浜秀荘1号,,大田区,大森東,3-9-18,第2浜秀荘,1号,VALUE ERROR: prefectureの列の情報がありません。元データに都道府県情報が欠落している可能性があります。入力されたデータ形式は、自動チェック機構が推奨する形式ではありません。  
41,葛飾区白鳥4-11-17,,葛飾区,白鳥,4-11-17,,,VALUE ERROR: prefectureの列の情報がありません。元データに都道府県情報が欠落している可能性があります。入力されたデータ形式は、自動チェック機構が推奨する形式ではありません。  
42,江戸川区新堀2-8-3,,江戸川区,新堀,2-8-3,,,VALUE ERROR: prefectureの列の情報がありません。元データに都道府県情報が欠落している可能性があります。入力されたデータ形式は、自動チェック機構が推奨する形式ではありません。  
43,江戸川区春江町1-1-20,,江戸川区,春江町,1-1-20,,,VALUE ERROR: prefectureの列の情報がありません。元データに都道府県情報が欠落している可能性があります。入力されたデータ形式は、自動チェック機構が推奨する形式ではありません。  
44,江戸川区春江町2-41-13,,江戸川区,春江町,2-41-13,,,VALUE ERROR: prefectureの列の情報がありません。元データに都道府県情報が欠落している可能性があります。入力されたデータ形式は、自動チェック機構が推奨する形式ではありません。  
45,江戸川区瑞江3-4-6,,江戸川区,瑞江,3-4-6,,,VALUE ERROR: prefectureの列の情報がありません。元データに都道府県情報が欠落している可能性があります。入力されたデータ形式は、自動チェック機構が推奨する形式ではありません。  
46,江戸川区江戸川2-31-18,,江戸川区,江戸川,2-31-18,,,VALUE ERROR: prefectureの列の情報がありません。元データに都道府県情報が欠落している可能性があります。入力されたデータ形式は、自動チェック機構が推奨する形式ではありません。  
47,江戸川区江戸川2-5-9,,江戸川区,江戸川,2-5-9,,,VALUE ERROR: prefectureの列の情報がありません。元データに都道府県情報が欠落している可能性があります。入力されたデータ形式は、自動チェック機構が推奨する形式ではありません。  
48,江戸川区東瑞江1-56-2,,江戸川区,東瑞江,1-56-2,,,VALUE ERROR: prefectureの列の情報がありません。元データに都道府県情報が欠落している可能性があります。入力されたデータ形式は、自動チェック機構が推奨する形式ではありません。  
49,江戸川区東瑞江2-18-25,,江戸川区,東瑞江,2-18-25,,,VALUE ERROR: prefectureの列の情報がありません。元データに都道府県情報が欠落している可能性があります。入力されたデータ形式は、自動チェック機構が推奨する形式ではありません。  
50,江戸川区東瑞江2-23-21,,江戸川区,東瑞江,2-23-21,,,VALUE ERROR: prefectureの列の情報がありません。元データに都道府県情報が欠落している可能性があります。入力されたデータ形式は、自動チェック機構が推奨する形式ではありません。  
51,江戸川区東瑞江3-41-14,,江戸川区,東瑞江,3-41-14,,,VALUE ERROR: prefectureの列の情報がありません。元データに都道府県情報が欠落している可能性があります。入力されたデータ形式は、自動チェック機構が推奨する形式ではありません。  
52,江戸川区西瑞江3-35,,江戸川区,西瑞江,3-35,,,VALUE ERROR: prefectureの列の情報がありません。元データに都道府県情報が欠落している可能性があります。入力されたデータ形式は、自動チェック機構が推奨する形式ではありません。  
53,江戸川区中央1-10-15,,江戸川区,中央,1-10-15,,,VALUE ERROR: prefectureの列の情報がありません。元データに都道府県情報が欠落している可能性があります。入力されたデータ形式は、自動チェック機構が推奨する形式ではありません。  
54,江戸川区中央2-3-18,,江戸川区,中央,2-3-18,,,VALUE ERROR: prefectureの列の情報がありません。元データに都道府県情報が欠落している可能性があります。入力されたデータ形式は、自動チェック機構が推奨する形式ではありません。  
55,江戸川区中央2-7-14,,江戸川区,中央,2-7-14,,,VALUE ERROR: prefectureの列の情報がありません。元データに都道府県情報が欠落している可能性があります。入力されたデータ形式は、自動チェック機構が推奨する形式ではありません。  
56,江戸川区中央3-24-15,,江戸川区,中央,3-24-15,,,VALUE ERROR: prefectureの列の情報がありません。元データに都道府県情報が欠落している可能性があります。入力されたデータ形式は、自動チェック機構が推奨する形式ではありません。  
57,名古屋市熱田区神宮四丁目７番２７号,,名古屋市熱田区,神宮,4-7,,27号,CAUTION: address4と、address5のデータには不正な文字列が含まれている可能性があります。両方について確認することを推奨します。  VALUE ERROR: prefectureの列の情報がありません。元データに都道府県情報が欠落している可能性があります。入力されたデータ形式は、自動チェック機構が推奨する形式ではありません。  
58,名古屋市熱田区神宮四丁目７番２７号Bビル,,名古屋市熱田区,神宮,4-7-27,号Bビル,,CAUTION: address4のデータは、address5にあるべきはずのデータを含んでいる場合があります。周辺のデータ分割が正しいかどうか確認することを推奨します.  VALUE ERROR: prefectureの列の情報がありません。元データに都道府県情報が欠落している可能性があります。入力されたデータ形式は、自動チェック機構が推奨する形式ではありません。  
59,名古屋市港区空見町36番地,,名古屋市港区,空見町,36,,,VALUE ERROR: prefectureの列の情報がありません。元データに都道府県情報が欠落している可能性があります。入力されたデータ形式は、自動チェック機構が推奨する形式ではありません。  
60,名古屋市港区十一屋3丁目63番地,,名古屋市港区,十一屋,3-63,,,CAUTION: address2のデータには不正な文字列が含まれている可能性があります。  VALUE ERROR: prefectureの列の情報がありません。元データに都道府県情報が欠落している可能性があります。入力されたデータ形式は、自動チェック機構が推奨する形式ではありません。  
61,名古屋市港区十一屋3丁目63番地Aビル,,名古屋市港区,十一屋,3-63,Aビル,,CAUTION: address2のデータには不正な文字列が含まれている可能性があります。  VALUE ERROR: prefectureの列の情報がありません。元データに都道府県情報が欠落している可能性があります。入力されたデータ形式は、自動チェック機構が推奨する形式ではありません。  
62,船橋市芝山6-43-6-2,,船橋市,芝山,6-43-6-2,,,VALUE ERROR: prefectureの列の情報がありません。元データに都道府県情報が欠落している可能性があります。入力されたデータ形式は、自動チェック機構が推奨する形式ではありません。  
63,船橋市馬込町1176-6,,船橋市,馬込町,1176-6,,,VALUE ERROR: prefectureの列の情報がありません。元データに都道府県情報が欠落している可能性があります。入力されたデータ形式は、自動チェック機構が推奨する形式ではありません。  
64,船橋市大穴南5-6-3,,船橋市,大穴南,5-6-3,,,VALUE ERROR: prefectureの列の情報がありません。元データに都道府県情報が欠落している可能性があります。入力されたデータ形式は、自動チェック機構が推奨する形式ではありません。  
65,船橋市海神6-11-9,,船橋市,海神,6-11-9,,,VALUE ERROR: prefectureの列の情報がありません。元データに都道府県情報が欠落している可能性があります。入力されたデータ形式は、自動チェック機構が推奨する形式ではありません。  
66,船橋市宮本1-26-2,,船橋市,宮本,1-26-2,,,VALUE ERROR: prefectureの列の情報がありません。元データに都道府県情報が欠落している可能性があります。入力されたデータ形式は、自動チェック機構が推奨する形式ではありません。  
67,船橋市夏見3-26-17,,船橋市,夏見,3-26-17,,,VALUE ERROR: prefectureの列の情報がありません。元データに都道府県情報が欠落している可能性があります。入力されたデータ形式は、自動チェック機構が推奨する形式ではありません。  
68,船橋市鈴身町630-2,,船橋市,鈴身町,630-2,,,VALUE ERROR: prefectureの列の情報がありません。元データに都道府県情報が欠落している可能性があります。入力されたデータ形式は、自動チェック機構が推奨する形式ではありません。  
69,船橋市咲が丘4-20-40,,船橋市,咲が丘,4-20-40,,,VALUE ERROR: prefectureの列の情報がありません。元データに都道府県情報が欠落している可能性があります。入力されたデータ形式は、自動チェック機構が推奨する形式ではありません。  
70,船橋市三山5-51-15,,船橋市,三山,5-51-15,,,VALUE ERROR: prefectureの列の情報がありません。元データに都道府県情報が欠落している可能性があります。入力されたデータ形式は、自動チェック機構が推奨する形式ではありません。  
71,船橋市西船3-8-28,,船橋市,西船,3-8-28,,,VALUE ERROR: prefectureの列の情報がありません。元データに都道府県情報が欠落している可能性があります。入力されたデータ形式は、自動チェック機構が推奨する形式ではありません。  
72,千葉県船橋市北本町２丁目２１?１６,千葉県,船橋市,北本町,2-21,?,16,CAUTION: データには?が含まれており、文字コードに関わる何かしらの表示揺れがある可能性があります。  
73,千葉県船橋市夏見４丁目３０?２７,千葉県,船橋市,夏見,4-30,?,27,CAUTION: データには?が含まれており、文字コードに関わる何かしらの表示揺れがある可能性があります。  
74,船橋市松が丘3-43-14,,船橋市,松が丘,3-43-14,,,VALUE ERROR: prefectureの列の情報がありません。元データに都道府県情報が欠落している可能性があります。入力されたデータ形式は、自動チェック機構が推奨する形式ではありません。  
75,千葉県船橋市金杉町１４１?２ 船橋健恒会ケアセンター東棟,千葉県,船橋市,金杉町,141,?2ー船橋健恒会ケアセンター東棟,,CAUTION: データには?が含まれており、文字コードに関わる何かしらの表示揺れがある可能性があります。  
76,千葉県船橋市夏見町２丁目５００,千葉県,船橋市,夏見町,2-500,,,
77,千葉県船橋市夏見町２丁目４９７,千葉県,船橋市,夏見町,2-497,,,
78,千葉県船橋市坪井町１２６?１,千葉県,船橋市,坪井町,126,?,1,CAUTION: データには?が含まれており、文字コードに関わる何かしらの表示揺れがある可能性があります。  
79,千葉県船橋市坪井町１２３,千葉県,船橋市,坪井町,123,,,
80,千葉県船橋市坪井町４１６?３,千葉県,船橋市,坪井町,416,?,3,CAUTION: データには?が含まれており、文字コードに関わる何かしらの表示揺れがある可能性があります。  
81,千葉県船橋市坪井町４７９,千葉県,船橋市,坪井町,479,,,
82,千葉県船橋市坪井町１０７,千葉県,船橋市,坪井町,107,,,
83,千葉県船橋市坪井町１２８?５,千葉県,船橋市,坪井町,128,?,5,CAUTION: データには?が含まれており、文字コードに関わる何かしらの表示揺れがある可能性があります。  
84,千葉県船橋市坪井町１６０?６,千葉県,船橋市,坪井町,160,?,6,CAUTION: データには?が含まれており、文字コードに関わる何かしらの表示揺れがある可能性があります。  
85,千葉県船橋市坪井町５４９?１,千葉県,船橋市,坪井町,549,?,1,CAUTION: データには?が含まれており、文字コードに関わる何かしらの表示揺れがある可能性があります。  
86,千葉県船橋市坪井東４丁目８?２,千葉県,船橋市,坪井東,4-8,?,2,CAUTION: データには?が含まれており、文字コードに関わる何かしらの表示揺れがある可能性があります。  
87,千葉県船橋市二宮１丁目４ 千葉病院前（バス）,千葉県,船橋市,二宮,1-4,千葉病院前(バス),,
88,東京都墨田区京島1-38-1-1214,東京都,墨田区,京島,1-38-1-1214,,,
89,船橋市西習志野4-8-1,,船橋市,西習志野,4-8-1,,,VALUE ERROR: prefectureの列の情報がありません。元データに都道府県情報が欠落している可能性があります。入力されたデータ形式は、自動チェック機構が推奨する形式ではありません。  
90,船橋市本町４-１９-６-５０８,,船橋市,本町,4-19-6-508,,,VALUE ERROR: prefectureの列の情報がありません。元データに都道府県情報が欠落している可能性があります。入力されたデータ形式は、自動チェック機構が推奨する形式ではありません。  
91,船橋市坪井西2-8-3,,船橋市,坪井西,2-8-3,,,VALUE ERROR: prefectureの列の情報がありません。元データに都道府県情報が欠落している可能性があります。入力されたデータ形式は、自動チェック機構が推奨する形式ではありません。  
92,船橋市習志野台4-1-7,,船橋市,習志野台,4-1-7,,,VALUE ERROR: prefectureの列の情報がありません。元データに都道府県情報が欠落している可能性があります。入力されたデータ形式は、自動チェック機構が推奨する形式ではありません。  
93,船橋市東中山2-3-2,,船橋市,東中山,2-3-2,,,VALUE ERROR: prefectureの列の情報がありません。元データに都道府県情報が欠落している可能性があります。入力されたデータ形式は、自動チェック機構が推奨する形式ではありません。  
94,船橋市市場1-8-1,,船橋市,市場,1-8-1,,,VALUE ERROR: prefectureの列の情報がありません。元データに都道府県情報が欠落している可能性があります。入力されたデータ形式は、自動チェック機構が推奨する形式ではありません。  
95,船橋市新高根6-21-5 ヨシカワビル3階B号室,,船橋市,新高根,6-21-5,ヨシカワビル3階B号室,,VALUE ERROR: prefectureの列の情報がありません。元データに都道府県情報が欠落している可能性があります。入力されたデータ形式は、自動チェック機構が推奨する形式ではありません。  
96,船橋市習志野台2-61-2,,船橋市,習志野台,2-61-2,,,VALUE ERROR: prefectureの列の情報がありません。元データに都道府県情報が欠落している可能性があります。入力されたデータ形式は、自動チェック機構が推奨する形式ではありません。  
97,野田市みずき1-20-6,,野田市,みずき,1-20-6,,,VALUE ERROR: prefectureの列の情報がありません。元データに都道府県情報が欠落している可能性があります。入力されたデータ形式は、自動チェック機構が推奨する形式ではありません。  
98,船橋市本町6-11-7,,船橋市,本町,6-11-7,,,VALUE ERROR: prefectureの列の情報がありません。元データに都道府県情報が欠落している可能性があります。入力されたデータ形式は、自動チェック機構が推奨する形式ではありません。  
99,船橋市西船1-21-50,,船橋市,西船,1-21-50,,,VALUE ERROR: prefectureの列の情報がありません。元データに都道府県情報が欠落している可能性があります。入力されたデータ形式は、自動チェック機構が推奨する形式ではありません。  
100,船橋市藤原2-2-22,,船橋市,藤原,2-2-22,,,VALUE ERROR: prefectureの列の情報がありません。元データに都道府県情報が欠落している可能性があります。入力されたデータ形式は、自動チェック機構が推奨する形式ではありません。  
101,市川市北方町4-1352-2,,市川市,北方町,4-1352-2,,,VALUE ERROR: prefectureの列の情報がありません。元データに都道府県情報が欠落している可能性があります。入力されたデータ形式は、自動チェック機構が推奨する形式ではありません。  
102,船橋市高瀬町32,,船橋市,高瀬町,32,,,VALUE ERROR: prefectureの列の情報がありません。元データに都道府県情報が欠落している可能性があります。入力されたデータ形式は、自動チェック機構が推奨する形式ではありません。  
103,船橋市飯山満町2-681,,船橋市,飯山満町,2-681,,,VALUE ERROR: prefectureの列の情報がありません。元データに都道府県情報が欠落している可能性があります。入力されたデータ形式は、自動チェック機構が推奨する形式ではありません。  
104,船橋市市場4-9-19,,船橋市,市場,4-9-19,,,VALUE ERROR: prefectureの列の情報がありません。元データに都道府県情報が欠落している可能性があります。入力されたデータ形式は、自動チェック機構が推奨する形式ではありません。  
105,八千代市大和田新田231,,八千代市,大和田新田,231,,,VALUE ERROR: prefectureの列の情報がありません。元データに都道府県情報が欠落している可能性があります。入力されたデータ形式は、自動チェック機構が推奨する形式ではありません。  
106,船橋市金杉町883-1,,船橋市,金杉町,883-1,,,VALUE ERROR: prefectureの列の情報がありません。元データに都道府県情報が欠落している可能性があります。入力されたデータ形式は、自動チェック機構が推奨する形式ではありません。  
107,船橋市金杉台1-2-5-101,,船橋市,金杉台,1-2-5-101,,,VALUE ERROR: prefectureの列の情報がありません。元データに都道府県情報が欠落している可能性があります。入力されたデータ形式は、自動チェック機構が推奨する形式ではありません。  
108,船橋市馬込町917-22,,船橋市,馬込町,917-22,,,VALUE ERROR: prefectureの列の情報がありません。元データに都道府県情報が欠落している可能性があります。入力されたデータ形式は、自動チェック機構が推奨する形式ではありません。  
109,船橋市馬込町816-3,,船橋市,馬込町,816-3,,,VALUE ERROR: prefectureの列の情報がありません。元データに都道府県情報が欠落している可能性があります。入力されたデータ形式は、自動チェック機構が推奨する形式ではありません。  
110,船橋市馬込町804-30,,船橋市,馬込町,804-30,,,VALUE ERROR: prefectureの列の情報がありません。元データに都道府県情報が欠落している可能性があります。入力されたデータ形式は、自動チェック機構が推奨する形式ではありません。  
111,船橋市馬込町803,,船橋市,馬込町,803,,,VALUE ERROR: prefectureの列の情報がありません。元データに都道府県情報が欠落している可能性があります。入力されたデータ形式は、自動チェック機構が推奨する形式ではありません。  
112,船橋市馬込町1194-11 大畑様方,,船橋市,馬込町,1194-11,大畑様方,,VALUE ERROR: prefectureの列の情報がありません。元データに都道府県情報が欠落している可能性があります。入力されたデータ形式は、自動チェック機構が推奨する形式ではありません。  
113,船橋市馬込町1194-11,,船橋市,馬込町,1194-11,,,VALUE ERROR: prefectureの列の情報がありません。元データに都道府県情報が欠落している可能性があります。入力されたデータ形式は、自動チェック機構が推奨する形式ではありません。  
114,船橋市馬込町1155-2,,船橋市,馬込町,1155-2,,,VALUE ERROR: prefectureの列の情報がありません。元データに都道府県情報が欠落している可能性があります。入力されたデータ形式は、自動チェック機構が推奨する形式ではありません。  
115,船橋市藤原8-7-2,,船橋市,藤原,8-7-2,,,VALUE ERROR: prefectureの列の情報がありません。元データに都道府県情報が欠落している可能性があります。入力されたデータ形式は、自動チェック機構が推奨する形式ではありません。  
116,船橋市藤原8-23,,船橋市,藤原,8-23,,,VALUE ERROR: prefectureの列の情報がありません。元データに都道府県情報が欠落している可能性があります。入力されたデータ形式は、自動チェック機構が推奨する形式ではありません。  
117,船橋市藤原7-50-24,,船橋市,藤原,7-50-24,,,VALUE ERROR: prefectureの列の情報がありません。元データに都道府県情報が欠落している可能性があります。入力されたデータ形式は、自動チェック機構が推奨する形式ではありません。  
118,船橋市藤原7-41-14-203,,船橋市,藤原,7-41-14-203,,,VALUE ERROR: prefectureの列の情報がありません。元データに都道府県情報が欠落している可能性があります。入力されたデータ形式は、自動チェック機構が推奨する形式ではありません。  
119,船橋市藤原7-35-7,,船橋市,藤原,7-35-7,,,VALUE ERROR: prefectureの列の情報がありません。元データに都道府県情報が欠落している可能性があります。入力されたデータ形式は、自動チェック機構が推奨する形式ではありません。  
120,船橋市藤原5-37-31,,船橋市,藤原,5-37-31,,,VALUE ERROR: prefectureの列の情報がありません。元データに都道府県情報が欠落している可能性があります。入力されたデータ形式は、自動チェック機構が推奨する形式ではありません。  
121,船橋市藤原5-2-1,,船橋市,藤原,5-2-1,,,VALUE ERROR: prefectureの列の情報がありません。元データに都道府県情報が欠落している可能性があります。入力されたデータ形式は、自動チェック機構が推奨する形式ではありません。  
122,船橋市藤原5-13-5,,船橋市,藤原,5-13-5,,,VALUE ERROR: prefectureの列の情報がありません。元データに都道府県情報が欠落している可能性があります。入力されたデータ形式は、自動チェック機構が推奨する形式ではありません。  
123,船橋市海神１-２７-１０,,船橋市,海神,1-27-10,,,VALUE ERROR: prefectureの列の情報がありません。元データに都道府県情報が欠落している可能性があります。入力されたデータ形式は、自動チェック機構が推奨する形式ではありません。  
124,船橋市本町4-21-25,,船橋市,本町,4-21-25,,,VALUE ERROR: prefectureの列の情報がありません。元データに都道府県情報が欠落している可能性があります。入力されたデータ形式は、自動チェック機構が推奨する形式ではありません。  
125,船橋市夏見3-16-15-504,,船橋市,夏見,3-16-15-504,,,VALUE ERROR: prefectureの列の情報がありません。元データに都道府県情報が欠落している可能性があります。入力されたデータ形式は、自動チェック機構が推奨する形式ではありません。  
126,船橋市南本町２９-２２,,船橋市,南本町,29-22,,,VALUE ERROR: prefectureの列の情報がありません。元データに都道府県情報が欠落している可能性があります。入力されたデータ形式は、自動チェック機構が推奨する形式ではありません。  
127,船橋市日の出１-１３-２,,船橋市,日の出,1-13-2,,,VALUE ERROR: prefectureの列の情報がありません。元データに都道府県情報が欠落している可能性があります。入力されたデータ形式は、自動チェック機構が推奨する形式ではありません。  
128,船橋市湊町1-2-4,,船橋市,湊町,1-2-4,,,VALUE ERROR: prefectureの列の情報がありません。元データに都道府県情報が欠落している可能性があります。入力されたデータ形式は、自動チェック機構が推奨する形式ではありません。  
129,船橋市湊町３-８-８-１０２,,船橋市,湊町,3-8-8-102,,,VALUE ERROR: prefectureの列の情報がありません。元データに都道府県情報が欠落している可能性があります。入力されたデータ形式は、自動チェック機構が推奨する形式ではありません。  
130,船橋市湊町3-21-17,,船橋市,湊町,3-21-17,,,VALUE ERROR: prefectureの列の情報がありません。元データに都道府県情報が欠落している可能性があります。入力されたデータ形式は、自動チェック機構が推奨する形式ではありません。  
131,船橋市湊町1-20-18,,船橋市,湊町,1-20-18,,,VALUE ERROR: prefectureの列の情報がありません。元データに都道府県情報が欠落している可能性があります。入力されたデータ形式は、自動チェック機構が推奨する形式ではありません。  
132,船橋市二和東5-63-21　コートサイドアベニューB-1,,船橋市,二和東,5-63-21,コートサイドアベニューB,1,VALUE ERROR: prefectureの列の情報がありません。元データに都道府県情報が欠落している可能性があります。入力されたデータ形式は、自動チェック機構が推奨する形式ではありません。  
133,船橋市藤原3-15-2,,船橋市,藤原,3-15-2,,,VALUE ERROR: prefectureの列の情報がありません。元データに都道府県情報が欠落している可能性があります。入力されたデータ形式は、自動チェック機構が推奨する形式ではありません。  
134,船橋市藤原1-31-7,,船橋市,藤原,1-31-7,,,VALUE ERROR: prefectureの列の情報がありません。元データに都道府県情報が欠落している可能性があります。入力されたデータ形式は、自動チェック機構が推奨する形式ではありません。  
135,船橋市大穴北111,,船橋市,大穴北,111,,,VALUE ERROR: prefectureの列の情報がありません。元データに都道府県情報が欠落している可能性があります。入力されたデータ形式は、自動チェック機構が推奨する形式ではありません。  
136,船橋市緑台2-4-4,,船橋市,緑台,2-4-4,,,VALUE ERROR: prefectureの列の情報がありません。元データに都道府県情報が欠落している可能性があります。入力されたデータ形式は、自動チェック機構が推奨する形式ではありません。  
137,船橋市海神町南1-1674-18,,船橋市,海神町南,1-1674-18,,,VALUE ERROR: prefectureの列の情報がありません。元データに都道府県情報が欠落している可能性があります。入力されたデータ形式は、自動チェック機構が推奨する形式ではありません。  
138,船橋市金杉5-36-10,,船橋市,金杉,5-36-10,,,VALUE ERROR: prefectureの列の情報がありません。元データに都道府県情報が欠落している可能性があります。入力されたデータ形式は、自動チェック機構が推奨する形式ではありません。  
139,習志野市新栄1-5-34,,習志野市,新栄,1-5-34,,,VALUE ERROR: prefectureの列の情報がありません。元データに都道府県情報が欠落している可能性があります。入力されたデータ形式は、自動チェック機構が推奨する形式ではありません。  
140,船橋市本町７-２０-２０,,船橋市,本町,7-20-20,,,VALUE ERROR: prefectureの列の情報がありません。元データに都道府県情報が欠落している可能性があります。入力されたデータ形式は、自動チェック機構が推奨する形式ではありません。  
141,船橋市本町5-18-8,,船橋市,本町,5-18-8,,,VALUE ERROR: prefectureの列の情報がありません。元データに都道府県情報が欠落している可能性があります。入力されたデータ形式は、自動チェック機構が推奨する形式ではありません。  
142,船橋市本町5-4-5-2104,,船橋市,本町,5-4-5-2104,,,VALUE ERROR: prefectureの列の情報がありません。元データに都道府県情報が欠落している可能性があります。入力されたデータ形式は、自動チェック機構が推奨する形式ではありません。  
143,船橋市本町3-9-2,,船橋市,本町,3-9-2,,,VALUE ERROR: prefectureの列の情報がありません。元データに都道府県情報が欠落している可能性があります。入力されたデータ形式は、自動チェック機構が推奨する形式ではありません。  
144,船橋市本町4-14-16,,船橋市,本町,4-14-16,,,VALUE ERROR: prefectureの列の情報がありません。元データに都道府県情報が欠落している可能性があります。入力されたデータ形式は、自動チェック機構が推奨する形式ではありません。  
145,船橋市本町4-43-16,,船橋市,本町,4-43-16,,,VALUE ERROR: prefectureの列の情報がありません。元データに都道府県情報が欠落している可能性があります。入力されたデータ形式は、自動チェック機構が推奨する形式ではありません。  
146,船橋市本町1-12-11-1103,,船橋市,本町,1-12-11-1103,,,VALUE ERROR: prefectureの列の情報がありません。元データに都道府県情報が欠落している可能性があります。入力されたデータ形式は、自動チェック機構が推奨する形式ではありません。  
147,船橋市北本町1-10-3,,船橋市,北本町,1-10-3,,,VALUE ERROR: prefectureの列の情報がありません。元データに都道府県情報が欠落している可能性があります。入力されたデータ形式は、自動チェック機構が推奨する形式ではありません。  
148,船橋市北本町2-56-15,,船橋市,北本町,2-56-15,,,VALUE ERROR: prefectureの列の情報がありません。元データに都道府県情報が欠落している可能性があります。入力されたデータ形式は、自動チェック機構が推奨する形式ではありません。  
149,船橋市北本町2-34-12,,船橋市,北本町,2-34-12,,,VALUE ERROR: prefectureの列の情報がありません。元データに都道府県情報が欠落している可能性があります。入力されたデータ形式は、自動チェック機構が推奨する形式ではありません。  
150,船橋市北本町2-69-4,,船橋市,北本町,2-69-4,,,VALUE ERROR: prefectureの列の情報がありません。元データに都道府県情報が欠落している可能性があります。入力されたデータ形式は、自動チェック機構が推奨する形式ではありません。  
151,船橋市三山9-10-19,,船橋市,三山,9-10-19,,,VALUE ERROR: prefectureの列の情報がありません。元データに都道府県情報が欠落している可能性があります。入力されたデータ形式は、自動チェック機構が推奨する形式ではありません。  
152,船橋市三山2-29-4,,船橋市,三山,2-29-4,,,VALUE ERROR: prefectureの列の情報がありません。元データに都道府県情報が欠落している可能性があります。入力されたデータ形式は、自動チェック機構が推奨する形式ではありません。  
153,船橋市松が丘1-12-1,,船橋市,松が丘,1-12-1,,,VALUE ERROR: prefectureの列の情報がありません。元データに都道府県情報が欠落している可能性があります。入力されたデータ形式は、自動チェック機構が推奨する形式ではありません。  
154,船橋市松が丘2-20-20,,船橋市,松が丘,2-20-20,,,VALUE ERROR: prefectureの列の情報がありません。元データに都道府県情報が欠落している可能性があります。入力されたデータ形式は、自動チェック機構が推奨する形式ではありません。  
155,船橋市三山6-15-18,,船橋市,三山,6-15-18,,,VALUE ERROR: prefectureの列の情報がありません。元データに都道府県情報が欠落している可能性があります。入力されたデータ形式は、自動チェック機構が推奨する形式ではありません。  
156,船橋市南本町41-21,,船橋市,南本町,41-21,,,VALUE ERROR: prefectureの列の情報がありません。元データに都道府県情報が欠落している可能性があります。入力されたデータ形式は、自動チェック機構が推奨する形式ではありません。  
157,船橋市海神町2-8-4-3-102,,船橋市,海神町,2-8-4-3-102,,,VALUE ERROR: prefectureの列の情報がありません。元データに都道府県情報が欠落している可能性があります。入力されたデータ形式は、自動チェック機構が推奨する形式ではありません。  
158,船橋市習志野1-14-1-106,,船橋市,習志野,1-14-1-106,,,VALUE ERROR: prefectureの列の情報がありません。元データに都道府県情報が欠落している可能性があります。入力されたデータ形式は、自動チェック機構が推奨する形式ではありません。  
159,船橋市東町805,,船橋市,東町,805,,,VALUE ERROR: prefectureの列の情報がありません。元データに都道府県情報が欠落している可能性があります。入力されたデータ形式は、自動チェック機構が推奨する形式ではありません。  
160,船橋市東船橋3-25-17,,船橋市,東船橋,3-25-17,,,VALUE ERROR: prefectureの列の情報がありません。元データに都道府県情報が欠落している可能性があります。入力されたデータ形式は、自動チェック機構が推奨する形式ではありません。  
161,船橋市東船橋1-12-24,,船橋市,東船橋,1-12-24,,,VALUE ERROR: prefectureの列の情報がありません。元データに都道府県情報が欠落している可能性があります。入力されたデータ形式は、自動チェック機構が推奨する形式ではありません。  
162,船橋市東船橋3-45-3-203,,船橋市,東船橋,3-45-3-203,,,VALUE ERROR: prefectureの列の情報がありません。元データに都道府県情報が欠落している可能性があります。入力されたデータ形式は、自動チェック機構が推奨する形式ではありません。  
163,船橋市田喜野井7-14-2,,船橋市,田喜野井,7-14-2,,,VALUE ERROR: prefectureの列の情報がありません。元データに都道府県情報が欠落している可能性があります。入力されたデータ形式は、自動チェック機構が推奨する形式ではありません。  
164,船橋市田喜野井1-12-10,,船橋市,田喜野井,1-12-10,,,VALUE ERROR: prefectureの列の情報がありません。元データに都道府県情報が欠落している可能性があります。入力されたデータ形式は、自動チェック機構が推奨する形式ではありません。  
165,船橋市田喜野井1-46-5,,船橋市,田喜野井,1-46-5,,,VALUE ERROR: prefectureの列の情報がありません。元データに都道府県情報が欠落している可能性があります。入力されたデータ形式は、自動チェック機構が推奨する形式ではありません。  
166,船橋市田喜野井1-6-1,,船橋市,田喜野井,1-6-1,,,VALUE ERROR: prefectureの列の情報がありません。元データに都道府県情報が欠落している可能性があります。入力されたデータ形式は、自動チェック機構が推奨する形式ではありません。  
167,船橋市田喜野井1-16-3,,船橋市,田喜野井,1-16-3,,,VALUE ERROR: prefectureの列の情報がありません。元データに都道府県情報が欠落している可能性があります。入力されたデータ形式は、自動チェック機構が推奨する形式ではありません。  
168,船橋市田喜野井7-19-7,,船橋市,田喜野井,7-19-7,,,VALUE ERROR: prefectureの列の情報がありません。元データに都道府県情報が欠落している可能性があります。入力されたデータ形式は、自動チェック機構が推奨する形式ではありません。  
169,船橋市田喜野井7-3-9,,船橋市,田喜野井,7-3-9,,,VALUE ERROR: prefectureの列の情報がありません。元データに都道府県情報が欠落している可能性があります。入力されたデータ形式は、自動チェック機構が推奨する形式ではありません。  
170,船橋市田喜野井4-5-10,,船橋市,田喜野井,4-5-10,,,VALUE ERROR: prefectureの列の情報がありません。元データに都道府県情報が欠落している可能性があります。入力されたデータ形式は、自動チェック機構が推奨する形式ではありません。  
171,船橋市田喜野井3-9-21,,船橋市,田喜野井,3-9-21,,,VALUE ERROR: prefectureの列の情報がありません。元データに都道府県情報が欠落している可能性があります。入力されたデータ形式は、自動チェック機構が推奨する形式ではありません。  
172,船橋市田喜野井2-26-10,,船橋市,田喜野井,2-26-10,,,VALUE ERROR: prefectureの列の情報がありません。元データに都道府県情報が欠落している可能性があります。入力されたデータ形式は、自動チェック機構が推奨する形式ではありません。  
173,船橋市海神2-12-2,,船橋市,海神,2-12-2,,,VALUE ERROR: prefectureの列の情報がありません。元データに都道府県情報が欠落している可能性があります。入力されたデータ形式は、自動チェック機構が推奨する形式ではありません。  
174,船橋市行田3-11-3-102,,船橋市,行田,3-11-3-102,,,VALUE ERROR: prefectureの列の情報がありません。元データに都道府県情報が欠落している可能性があります。入力されたデータ形式は、自動チェック機構が推奨する形式ではありません。  
175,船橋市田喜野井2-28-16,,船橋市,田喜野井,2-28-16,,,VALUE ERROR: prefectureの列の情報がありません。元データに都道府県情報が欠落している可能性があります。入力されたデータ形式は、自動チェック機構が推奨する形式ではありません。  
176,船橋市田喜野井4-29-2-102,,船橋市,田喜野井,4-29-2-102,,,VALUE ERROR: prefectureの列の情報がありません。元データに都道府県情報が欠落している可能性があります。入力されたデータ形式は、自動チェック機構が推奨する形式ではありません。  
177,船橋市北本町2-24-14,,船橋市,北本町,2-24-14,,,VALUE ERROR: prefectureの列の情報がありません。元データに都道府県情報が欠落している可能性があります。入力されたデータ形式は、自動チェック機構が推奨する形式ではありません。  
178,船橋市北本町2-20-3,,船橋市,北本町,2-20-3,,,VALUE ERROR: prefectureの列の情報がありません。元データに都道府県情報が欠落している可能性があります。入力されたデータ形式は、自動チェック機構が推奨する形式ではありません。  
179,船橋市海神1-4-11,,船橋市,海神,1-4-11,,,VALUE ERROR: prefectureの列の情報がありません。元データに都道府県情報が欠落している可能性があります。入力されたデータ形式は、自動チェック機構が推奨する形式ではありません。  
180,船橋市前貝塚町591,,船橋市,前貝塚町,591,,,VALUE ERROR: prefectureの列の情報がありません。元データに都道府県情報が欠落している可能性があります。入力されたデータ形式は、自動チェック機構が推奨する形式ではありません。  
181,船橋市前貝塚町255-109,,船橋市,前貝塚町,255-109,,,VALUE ERROR: prefectureの列の情報がありません。元データに都道府県情報が欠落している可能性があります。入力されたデータ形式は、自動チェック機構が推奨する形式ではありません。  
182,船橋市習志野２-8-10,,船橋市,習志野,2-8-10,,,VALUE ERROR: prefectureの列の情報がありません。元データに都道府県情報が欠落している可能性があります。入力されたデータ形式は、自動チェック機構が推奨する形式ではありません。  
183,船橋市三山1-10-5,,船橋市,三山,1-10-5,,,VALUE ERROR: prefectureの列の情報がありません。元データに都道府県情報が欠落している可能性があります。入力されたデータ形式は、自動チェック機構が推奨する形式ではありません。  
184,船橋市三山9-43-9,,船橋市,三山,9-43-9,,,VALUE ERROR: prefectureの列の情報がありません。元データに都道府県情報が欠落している可能性があります。入力されたデータ形式は、自動チェック機構が推奨する形式ではありません。  
185,船橋市北本町2-64-1-201,,船橋市,北本町,2-64-1-201,,,VALUE ERROR: prefectureの列の情報がありません。元データに都道府県情報が欠落している可能性があります。入力されたデータ形式は、自動チェック機構が推奨する形式ではありません。  
186,船橋市本町6-12-20-106,,船橋市,本町,6-12-20-106,,,VALUE ERROR: prefectureの列の情報がありません。元データに都道府県情報が欠落している可能性があります。入力されたデータ形式は、自動チェック機構が推奨する形式ではありません。  
187,船橋市海神町西1-1104-2-503,,船橋市,海神町西,1-1104-2-503,,,VALUE ERROR: prefectureの列の情報がありません。元データに都道府県情報が欠落している可能性があります。入力されたデータ形式は、自動チェック機構が推奨する形式ではありません。  
188,船橋市西船2-22-13,,船橋市,西船,2-22-13,,,VALUE ERROR: prefectureの列の情報がありません。元データに都道府県情報が欠落している可能性があります。入力されたデータ形式は、自動チェック機構が推奨する形式ではありません。  
189,船橋市松が丘3-53-25,,船橋市,松が丘,3-53-25,,,VALUE ERROR: prefectureの列の情報がありません。元データに都道府県情報が欠落している可能性があります。入力されたデータ形式は、自動チェック機構が推奨する形式ではありません。  
190,船橋市北本町1-12-17,,船橋市,北本町,1-12-17,,,VALUE ERROR: prefectureの列の情報がありません。元データに都道府県情報が欠落している可能性があります。入力されたデータ形式は、自動チェック機構が推奨する形式ではありません。  
191,船橋市三咲4-1-13,,船橋市,三咲,4-1-13,,,VALUE ERROR: prefectureの列の情報がありません。元データに都道府県情報が欠落している可能性があります。入力されたデータ形式は、自動チェック機構が推奨する形式ではありません。  
192,船橋市海神3-27-1-503,,船橋市,海神,3-27-1-503,,,VALUE ERROR: prefectureの列の情報がありません。元データに都道府県情報が欠落している可能性があります。入力されたデータ形式は、自動チェック機構が推奨する形式ではありません。  
193,船橋市松が丘4-32-5,,船橋市,松が丘,4-32-5,,,VALUE ERROR: prefectureの列の情報がありません。元データに都道府県情報が欠落している可能性があります。入力されたデータ形式は、自動チェック機構が推奨する形式ではありません。  
194,船橋市松が丘1-14-14,,船橋市,松が丘,1-14-14,,,VALUE ERROR: prefectureの列の情報がありません。元データに都道府県情報が欠落している可能性があります。入力されたデータ形式は、自動チェック機構が推奨する形式ではありません。  
195,船橋市松が丘1-55-19,,船橋市,松が丘,1-55-19,,,VALUE ERROR: prefectureの列の情報がありません。元データに都道府県情報が欠落している可能性があります。入力されたデータ形式は、自動チェック機構が推奨する形式ではありません。  
196,船橋市松が丘3-12-14,,船橋市,松が丘,3-12-14,,,VALUE ERROR: prefectureの列の情報がありません。元データに都道府県情報が欠落している可能性があります。入力されたデータ形式は、自動チェック機構が推奨する形式ではありません。  
197,船橋市松が丘1-51-40,,船橋市,松が丘,1-51-40,,,VALUE ERROR: prefectureの列の情報がありません。元データに都道府県情報が欠落している可能性があります。入力されたデータ形式は、自動チェック機構が推奨する形式ではありません。  
198,船橋市習志野台2-44-6,,船橋市,習志野台,2-44-6,,,VALUE ERROR: prefectureの列の情報がありません。元データに都道府県情報が欠落している可能性があります。入力されたデータ形式は、自動チェック機構が推奨する形式ではありません。  
199,船橋市習志野台1-7-2,,船橋市,習志野台,1-7-2,,,VALUE ERROR: prefectureの列の情報がありません。元データに都道府県情報が欠落している可能性があります。入力されたデータ形式は、自動チェック機構が推奨する形式ではありません。  
200,船橋市習志野4-1-19,,船橋市,習志野,4-1-19,,,VALUE ERROR: prefectureの列の情報がありません。元データに都道府県情報が欠落している可能性があります。入力されたデータ形式は、自動チェック機構が推奨する形式ではありません。  
201,船橋市習志野5-11-2,,船橋市,習志野,5-11-2,,,VALUE ERROR: prefectureの列の情報がありません。元データに都道府県情報が欠落している可能性があります。入力されたデータ形式は、自動チェック機構が推奨する形式ではありません。  
202,船橋市三山1-32-7,,船橋市,三山,1-32-7,,,VALUE ERROR: prefectureの列の情報がありません。元データに都道府県情報が欠落している可能性があります。入力されたデータ形式は、自動チェック機構が推奨する形式ではありません。  
203,船橋市山手3-7-23,,船橋市,山手,3-7-23,,,VALUE ERROR: prefectureの列の情報がありません。元データに都道府県情報が欠落している可能性があります。入力されたデータ形式は、自動チェック機構が推奨する形式ではありません。  
204,船橋市山手2-12-17,,船橋市,山手,2-12-17,,,VALUE ERROR: prefectureの列の情報がありません。元データに都道府県情報が欠落している可能性があります。入力されたデータ形式は、自動チェック機構が推奨する形式ではありません。  
205,船橋市山手2-7-40,,船橋市,山手,2-7-40,,,VALUE ERROR: prefectureの列の情報がありません。元データに都道府県情報が欠落している可能性があります。入力されたデータ形式は、自動チェック機構が推奨する形式ではありません。  
206,船橋市本町2-18-10-602,,船橋市,本町,2-18-10-602,,,VALUE ERROR: prefectureの列の情報がありません。元データに都道府県情報が欠落している可能性があります。入力されたデータ形式は、自動チェック機構が推奨する形式ではありません。  
207,船橋市三山2-20-6,,船橋市,三山,2-20-6,,,VALUE ERROR: prefectureの列の情報がありません。元データに都道府県情報が欠落している可能性があります。入力されたデータ形式は、自動チェック機構が推奨する形式ではありません。  
208,船橋市田喜野井7-4-1,,船橋市,田喜野井,7-4-1,,,VALUE ERROR: prefectureの列の情報がありません。元データに都道府県情報が欠落している可能性があります。入力されたデータ形式は、自動チェック機構が推奨する形式ではありません。  
209,船橋市三山2-8-18,,船橋市,三山,2-8-18,,,VALUE ERROR: prefectureの列の情報がありません。元データに都道府県情報が欠落している可能性があります。入力されたデータ形式は、自動チェック機構が推奨する形式ではありません。  
210,船橋市三山２-１-１１,,船橋市,三山,2-1-11,,,VALUE ERROR: prefectureの列の情報がありません。元データに都道府県情報が欠落している可能性があります。入力されたデータ形式は、自動チェック機構が推奨する形式ではありません。  
211,船橋市三山１-25-6,,船橋市,三山,1-25-6,,,VALUE ERROR: prefectureの列の情報がありません。元データに都道府県情報が欠落している可能性があります。入力されたデータ形式は、自動チェック機構が推奨する形式ではありません。  
212,船橋市三山9-24-6,,船橋市,三山,9-24-6,,,VALUE ERROR: prefectureの列の情報がありません。元データに都道府県情報が欠落している可能性があります。入力されたデータ形式は、自動チェック機構が推奨する形式ではありません。  
213,船橋市三山9-34-5,,船橋市,三山,9-34-5,,,VALUE ERROR: prefectureの列の情報がありません。元データに都道府県情報が欠落している可能性があります。入力されたデータ形式は、自動チェック機構が推奨する形式ではありません。  
214,船橋市三山9-6-18,,船橋市,三山,9-6-18,,,VALUE ERROR: prefectureの列の情報がありません。元データに都道府県情報が欠落している可能性があります。入力されたデータ形式は、自動チェック機構が推奨する形式ではありません。  
215,船橋市三山3-36-6,,船橋市,三山,3-36-6,,,VALUE ERROR: prefectureの列の情報がありません。元データに都道府県情報が欠落している可能性があります。入力されたデータ形式は、自動チェック機構が推奨する形式ではありません。  
216,船橋市三山7-3-3,,船橋市,三山,7-3-3,,,VALUE ERROR: prefectureの列の情報がありません。元データに都道府県情報が欠落している可能性があります。入力されたデータ形式は、自動チェック機構が推奨する形式ではありません。  
217,船橋市三山8-3-3,,船橋市,三山,8-3-3,,,VALUE ERROR: prefectureの列の情報がありません。元データに都道府県情報が欠落している可能性があります。入力されたデータ形式は、自動チェック機構が推奨する形式ではありません。  
218,船橋市三山3-41-7,,船橋市,三山,3-41-7,,,VALUE ERROR: prefectureの列の情報がありません。元データに都道府県情報が欠落している可能性があります。入力されたデータ形式は、自動チェック機構が推奨する形式ではありません。  
219,船橋市三山2-4-2-104,,船橋市,三山,2-4-2-104,,,VALUE ERROR: prefectureの列の情報がありません。元データに都道府県情報が欠落している可能性があります。入力されたデータ形式は、自動チェック機構が推奨する形式ではありません。  
220,船橋市三山1-37-1,,船橋市,三山,1-37-1,,,VALUE ERROR: prefectureの列の情報がありません。元データに都道府県情報が欠落している可能性があります。入力されたデータ形式は、自動チェック機構が推奨する形式ではありません。  
221,船橋市三山2-41-5,,船橋市,三山,2-41-5,,,VALUE ERROR: prefectureの列の情報がありません。元データに都道府県情報が欠落している可能性があります。入力されたデータ形式は、自動チェック機構が推奨する形式ではありません。  
222,船橋市三山4-9-13,,船橋市,三山,4-9-13,,,VALUE ERROR: prefectureの列の情報がありません。元データに都道府県情報が欠落している可能性があります。入力されたデータ形式は、自動チェック機構が推奨する形式ではありません。  
223,船橋市三山1-45-3,,船橋市,三山,1-45-3,,,VALUE ERROR: prefectureの列の情報がありません。元データに都道府県情報が欠落している可能性があります。入力されたデータ形式は、自動チェック機構が推奨する形式ではありません。  
224,船橋市田喜野井6-11-5,,船橋市,田喜野井,6-11-5,,,VALUE ERROR: prefectureの列の情報がありません。元データに都道府県情報が欠落している可能性があります。入力されたデータ形式は、自動チェック機構が推奨する形式ではありません。  
225,船橋市馬込西2-2-14,,船橋市,馬込西,2-2-14,,,VALUE ERROR: prefectureの列の情報がありません。元データに都道府県情報が欠落している可能性があります。入力されたデータ形式は、自動チェック機構が推奨する形式ではありません。  
226,船橋市金杉7-56-5,,船橋市,金杉,7-56-5,,,VALUE ERROR: prefectureの列の情報がありません。元データに都道府県情報が欠落している可能性があります。入力されたデータ形式は、自動チェック機構が推奨する形式ではありません。  
227,船橋市三山4-7-15-904,,船橋市,三山,4-7-15-904,,,VALUE ERROR: prefectureの列の情報がありません。元データに都道府県情報が欠落している可能性があります。入力されたデータ形式は、自動チェック機構が推奨する形式ではありません。  
228,船橋市行田2-6-34,,船橋市,行田,2-6-34,,,VALUE ERROR: prefectureの列の情報がありません。元データに都道府県情報が欠落している可能性があります。入力されたデータ形式は、自動チェック機構が推奨する形式ではありません。  
229,船橋市山手3-13-28,,船橋市,山手,3-13-28,,,VALUE ERROR: prefectureの列の情報がありません。元データに都道府県情報が欠落している可能性があります。入力されたデータ形式は、自動チェック機構が推奨する形式ではありません。  
230,船橋市行田2-3-9行田住宅管理事務所,,船橋市,行田,2-3-9,行田住宅管理事務所,,VALUE ERROR: prefectureの列の情報がありません。元データに都道府県情報が欠落している可能性があります。入力されたデータ形式は、自動チェック機構が推奨する形式ではありません。  
231,船橋市栄町2-14-2,,船橋市,栄町,2-14-2,,,VALUE ERROR: prefectureの列の情報がありません。元データに都道府県情報が欠落している可能性があります。入力されたデータ形式は、自動チェック機構が推奨する形式ではありません。  
232,船橋市金杉6-3-2,,船橋市,金杉,6-3-2,,,VALUE ERROR: prefectureの列の情報がありません。元データに都道府県情報が欠落している可能性があります。入力されたデータ形式は、自動チェック機構が推奨する形式ではありません。  
233,船橋市古和釜町788-92,,船橋市,古和釜町,788-92,,,VALUE ERROR: prefectureの列の情報がありません。元データに都道府県情報が欠落している可能性があります。入力されたデータ形式は、自動チェック機構が推奨する形式ではありません。  
234,船橋市松が丘5-14-3,,船橋市,松が丘,5-14-3,,,VALUE ERROR: prefectureの列の情報がありません。元データに都道府県情報が欠落している可能性があります。入力されたデータ形式は、自動チェック機構が推奨する形式ではありません。  
235,船橋市松が丘5-2-12,,船橋市,松が丘,5-2-12,,,VALUE ERROR: prefectureの列の情報がありません。元データに都道府県情報が欠落している可能性があります。入力されたデータ形式は、自動チェック機構が推奨する形式ではありません。  
236,船橋市古和釜町593-27,,船橋市,古和釜町,593-27,,,VALUE ERROR: prefectureの列の情報がありません。元データに都道府県情報が欠落している可能性があります。入力されたデータ形式は、自動チェック機構が推奨する形式ではありません。  
237,船橋市南本町18-3-510,,船橋市,南本町,18-3-510,,,VALUE ERROR: prefectureの列の情報がありません。元データに都道府県情報が欠落している可能性があります。入力されたデータ形式は、自動チェック機構が推奨する形式ではありません。  
238,船橋市海神3-29-32,,船橋市,海神,3-29-32,,,VALUE ERROR: prefectureの列の情報がありません。元データに都道府県情報が欠落している可能性があります。入力されたデータ形式は、自動チェック機構が推奨する形式ではありません。  
239,船橋市金杉4-14-18,,船橋市,金杉,4-14-18,,,VALUE ERROR: prefectureの列の情報がありません。元データに都道府県情報が欠落している可能性があります。入力されたデータ形式は、自動チェック機構が推奨する形式ではありません。  
240,船橋市金杉7-27-14,,船橋市,金杉,7-27-14,,,VALUE ERROR: prefectureの列の情報がありません。元データに都道府県情報が欠落している可能性があります。入力されたデータ形式は、自動チェック機構が推奨する形式ではありません。  
241,船橋市金杉9-3-31,,船橋市,金杉,9-3-31,,,VALUE ERROR: prefectureの列の情報がありません。元データに都道府県情報が欠落している可能性があります。入力されたデータ形式は、自動チェック機構が推奨する形式ではありません。  
242,船橋市金杉台1-1-9,,船橋市,金杉台,1-1-9,,,VALUE ERROR: prefectureの列の情報がありません。元データに都道府県情報が欠落している可能性があります。入力されたデータ形式は、自動チェック機構が推奨する形式ではありません。  
243,船橋市金杉7-43-36,,船橋市,金杉,7-43-36,,,VALUE ERROR: prefectureの列の情報がありません。元データに都道府県情報が欠落している可能性があります。入力されたデータ形式は、自動チェック機構が推奨する形式ではありません。  
244,船橋市金杉7-25-12,,船橋市,金杉,7-25-12,,,VALUE ERROR: prefectureの列の情報がありません。元データに都道府県情報が欠落している可能性があります。入力されたデータ形式は、自動チェック機構が推奨する形式ではありません。  
245,船橋市金杉9-15-8,,船橋市,金杉,9-15-8,,,VALUE ERROR: prefectureの列の情報がありません。元データに都道府県情報が欠落している可能性があります。入力されたデータ形式は、自動チェック機構が推奨する形式ではありません。  
246,船橋市金杉6-15-13,,船橋市,金杉,6-15-13,,,VALUE ERROR: prefectureの列の情報がありません。元データに都道府県情報が欠落している可能性があります。入力されたデータ形式は、自動チェック機構が推奨する形式ではありません。  
247,船橋市三山5-14-3-302,,船橋市,三山,5-14-3-302,,,VALUE ERROR: prefectureの列の情報がありません。元データに都道府県情報が欠落している可能性があります。入力されたデータ形式は、自動チェック機構が推奨する形式ではありません。  
248,船橋市湊町3-19-15,,船橋市,湊町,3-19-15,,,VALUE ERROR: prefectureの列の情報がありません。元データに都道府県情報が欠落している可能性があります。入力されたデータ形式は、自動チェック機構が推奨する形式ではありません。  
249,船橋市宮本3-2-25,,船橋市,宮本,3-2-25,,,VALUE ERROR: prefectureの列の情報がありません。元データに都道府県情報が欠落している可能性があります。入力されたデータ形式は、自動チェック機構が推奨する形式ではありません。  
250,船橋市宮本2-6-13,,船橋市,宮本,2-6-13,,,VALUE ERROR: prefectureの列の情報がありません。元データに都道府県情報が欠落している可能性があります。入力されたデータ形式は、自動チェック機構が推奨する形式ではありません。  
251,船橋市宮本4-4-19,,船橋市,宮本,4-4-19,,,VALUE ERROR: prefectureの列の情報がありません。元データに都道府県情報が欠落している可能性があります。入力されたデータ形式は、自動チェック機構が推奨する形式ではありません。  
252,船橋市宮本6-10-10,,船橋市,宮本,6-10-10,,,VALUE ERROR: prefectureの列の情報がありません。元データに都道府県情報が欠落している可能性があります。入力されたデータ形式は、自動チェック機構が推奨する形式ではありません。  
253,船橋市東船橋7-12-22,,船橋市,東船橋,7-12-22,,,VALUE ERROR: prefectureの列の情報がありません。元データに都道府県情報が欠落している可能性があります。入力されたデータ形式は、自動チェック機構が推奨する形式ではありません。  
254,船橋市本町5-19-1-103,,船橋市,本町,5-19-1-103,,,VALUE ERROR: prefectureの列の情報がありません。元データに都道府県情報が欠落している可能性があります。入力されたデータ形式は、自動チェック機構が推奨する形式ではありません。  
255,船橋市海神1-9-17,,船橋市,海神,1-9-17,,,VALUE ERROR: prefectureの列の情報がありません。元データに都道府県情報が欠落している可能性があります。入力されたデータ形式は、自動チェック機構が推奨する形式ではありません。  
256,船橋市海神町3-119,,船橋市,海神町,3-119,,,VALUE ERROR: prefectureの列の情報がありません。元データに都道府県情報が欠落している可能性があります。入力されたデータ形式は、自動チェック機構が推奨する形式ではありません。  
257,船橋市海神町2-3-39,,船橋市,海神町,2-3-39,,,VALUE ERROR: prefectureの列の情報がありません。元データに都道府県情報が欠落している可能性があります。入力されたデータ形式は、自動チェック機構が推奨する形式ではありません。  
258,船橋市海神1-15-3,,船橋市,海神,1-15-3,,,VALUE ERROR: prefectureの列の情報がありません。元データに都道府県情報が欠落している可能性があります。入力されたデータ形式は、自動チェック機構が推奨する形式ではありません。  
259,船橋市海神1-31-35,,船橋市,海神,1-31-35,,,VALUE ERROR: prefectureの列の情報がありません。元データに都道府県情報が欠落している可能性があります。入力されたデータ形式は、自動チェック機構が推奨する形式ではありません。  
260,船橋市海神3-10-3,,船橋市,海神,3-10-3,,,VALUE ERROR: prefectureの列の情報がありません。元データに都道府県情報が欠落している可能性があります。入力されたデータ形式は、自動チェック機構が推奨する形式ではありません。  
261,船橋市海神2-18-3,,船橋市,海神,2-18-3,,,VALUE ERROR: prefectureの列の情報がありません。元データに都道府県情報が欠落している可能性があります。入力されたデータ形式は、自動チェック機構が推奨する形式ではありません。  
262,船橋市海神3-30-4-206,,船橋市,海神,3-30-4-206,,,VALUE ERROR: prefectureの列の情報がありません。元データに都道府県情報が欠落している可能性があります。入力されたデータ形式は、自動チェック機構が推奨する形式ではありません。  
263,船橋市海神町3-119-14-608,,船橋市,海神町,3-119-14-608,,,VALUE ERROR: prefectureの列の情報がありません。元データに都道府県情報が欠落している可能性があります。入力されたデータ形式は、自動チェック機構が推奨する形式ではありません。  
264,船橋市海神3-7-19,,船橋市,海神,3-7-19,,,VALUE ERROR: prefectureの列の情報がありません。元データに都道府県情報が欠落している可能性があります。入力されたデータ形式は、自動チェック機構が推奨する形式ではありません。  
265,船橋市海神6-21-21,,船橋市,海神,6-21-21,,,VALUE ERROR: prefectureの列の情報がありません。元データに都道府県情報が欠落している可能性があります。入力されたデータ形式は、自動チェック機構が推奨する形式ではありません。  
266,船橋市海神5-5-27,,船橋市,海神,5-5-27,,,VALUE ERROR: prefectureの列の情報がありません。元データに都道府県情報が欠落している可能性があります。入力されたデータ形式は、自動チェック機構が推奨する形式ではありません。  
267,船橋市海神3-28-3-301,,船橋市,海神,3-28-3-301,,,VALUE ERROR: prefectureの列の情報がありません。元データに都道府県情報が欠落している可能性があります。入力されたデータ形式は、自動チェック機構が推奨する形式ではありません。  
268,船橋市宮本8-6-10,,船橋市,宮本,8-6-10,,,VALUE ERROR: prefectureの列の情報がありません。元データに都道府県情報が欠落している可能性があります。入力されたデータ形式は、自動チェック機構が推奨する形式ではありません。  
269,船橋市栄町2-8-4,,船橋市,栄町,2-8-4,,,VALUE ERROR: prefectureの列の情報がありません。元データに都道府県情報が欠落している可能性があります。入力されたデータ形式は、自動チェック機構が推奨する形式ではありません。  
270,船橋市栄町1-18-25,,船橋市,栄町,1-18-25,,,VALUE ERROR: prefectureの列の情報がありません。元データに都道府県情報が欠落している可能性があります。入力されたデータ形式は、自動チェック機構が推奨する形式ではありません。  
271,船橋市南本町19-2-410,,船橋市,南本町,19-2-410,,,VALUE ERROR: prefectureの列の情報がありません。元データに都道府県情報が欠落している可能性があります。入力されたデータ形式は、自動チェック機構が推奨する形式ではありません。  
272,船橋市旭町1-1-11,,船橋市,旭町,1-1-11,,,VALUE ERROR: prefectureの列の情報がありません。元データに都道府県情報が欠落している可能性があります。入力されたデータ形式は、自動チェック機構が推奨する形式ではありません。  
273,船橋市旭町3-11-6,,船橋市,旭町,3-11-6,,,VALUE ERROR: prefectureの列の情報がありません。元データに都道府県情報が欠落している可能性があります。入力されたデータ形式は、自動チェック機構が推奨する形式ではありません。  
274,船橋市旭町5-6-34,,船橋市,旭町,5-6-34,,,VALUE ERROR: prefectureの列の情報がありません。元データに都道府県情報が欠落している可能性があります。入力されたデータ形式は、自動チェック機構が推奨する形式ではありません。  
275,船橋市旭町1-11-14,,船橋市,旭町,1-11-14,,,VALUE ERROR: prefectureの列の情報がありません。元データに都道府県情報が欠落している可能性があります。入力されたデータ形式は、自動チェック機構が推奨する形式ではありません。  
276,船橋市松が丘2-34-9,,船橋市,松が丘,2-34-9,,,VALUE ERROR: prefectureの列の情報がありません。元データに都道府県情報が欠落している可能性があります。入力されたデータ形式は、自動チェック機構が推奨する形式ではありません。  
277,船橋市旭町2-15-13,,船橋市,旭町,2-15-13,,,VALUE ERROR: prefectureの列の情報がありません。元データに都道府県情報が欠落している可能性があります。入力されたデータ形式は、自動チェック機構が推奨する形式ではありません。  
278,船橋市旭町2-13-13,,船橋市,旭町,2-13-13,,,VALUE ERROR: prefectureの列の情報がありません。元データに都道府県情報が欠落している可能性があります。入力されたデータ形式は、自動チェック機構が推奨する形式ではありません。  
279,船橋市海神3-25-38,,船橋市,海神,3-25-38,,,VALUE ERROR: prefectureの列の情報がありません。元データに都道府県情報が欠落している可能性があります。入力されたデータ形式は、自動チェック機構が推奨する形式ではありません。  
280,愛媛県伊予郡松前町上高柳129-13,愛媛県,伊予郡松前町,上高柳,129-13,,,
281,愛媛県伊予郡松前町上高柳140-1,愛媛県,伊予郡松前町,上高柳,140-1,,,
282,愛媛県伊予郡松前町上高柳150-4,愛媛県,伊予郡松前町,上高柳,150-4,,,
283,愛媛県伊予郡松前町上高柳154,愛媛県,伊予郡松前町,上高柳,154,,,
284,愛媛県伊予郡松前町上高柳156,愛媛県,伊予郡松前町,上高柳,156,,,
285,愛媛県伊予郡松前町上高柳160,愛媛県,伊予郡松前町,上高柳,160,,,
286,愛媛県伊予郡松前町上高柳162,愛媛県,伊予郡松前町,上高柳,162,,,
287,愛媛県伊予郡松前町上高柳165,愛媛県,伊予郡松前町,上高柳,165,,,
288,愛媛県伊予郡松前町上高柳166,愛媛県,伊予郡松前町,上高柳,166,,,
289,愛媛県伊予郡松前町上高柳167,愛媛県,伊予郡松前町,上高柳,167,,,
290,愛媛県伊予郡松前町上高柳175-3,愛媛県,伊予郡松前町,上高柳,175-3,,,
291,愛媛県伊予郡松前町上高柳177-4,愛媛県,伊予郡松前町,上高柳,177-4,,,
292,愛媛県伊予郡松前町上高柳185,愛媛県,伊予郡松前町,上高柳,185,,,
293,愛媛県伊予郡松前町上高柳185-3,愛媛県,伊予郡松前町,上高柳,185-3,,,
294,愛媛県伊予郡松前町上高柳190,愛媛県,伊予郡松前町,上高柳,190,,,
295,愛媛県伊予郡松前町上高柳193,愛媛県,伊予郡松前町,上高柳,193,,,
296,愛媛県伊予郡松前町上高柳196,愛媛県,伊予郡松前町,上高柳,196,,,
297,愛媛県伊予郡松前町上高柳198-2,愛媛県,伊予郡松前町,上高柳,198-2,,,
298,愛媛県伊予郡松前町上高柳203,愛媛県,伊予郡松前町,上高柳,203,,,
299,愛媛県伊予郡松前町上高柳206,愛媛県,伊予郡松前町,上高柳,206,,,
300,愛媛県伊予郡松前町上高柳207-1,愛媛県,伊予郡松前町,上高柳,207-1,,,
301,愛媛県伊予郡松前町上高柳208,愛媛県,伊予郡松前町,上高柳,208,,,
302,愛媛県伊予郡松前町上高柳211-2,愛媛県,伊予郡松前町,上高柳,211-2,,,
303,愛媛県伊予郡松前町上高柳218-3,愛媛県,伊予郡松前町,上高柳,218-3,,,
304,愛媛県伊予郡松前町上高柳226-10,愛媛県,伊予郡松前町,上高柳,226-10,,,
305,愛媛県伊予郡松前町上高柳226-11,愛媛県,伊予郡松前町,上高柳,226-11,,,
306,愛媛県伊予郡松前町上高柳227,愛媛県,伊予郡松前町,上高柳,227,,,
307,愛媛県伊予郡松前町上高柳228-3,愛媛県,伊予郡松前町,上高柳,228-3,,,
308,愛媛県伊予郡松前町上高柳228-5,愛媛県,伊予郡松前町,上高柳,228-5,,,
309,愛媛県伊予郡松前町上高柳229-2,愛媛県,伊予郡松前町,上高柳,229-2,,,
310,愛媛県伊予郡松前町上高柳229-3,愛媛県,伊予郡松前町,上高柳,229-3,,,
311,愛媛県伊予郡松前町上高柳229-6,愛媛県,伊予郡松前町,上高柳,229-6,,,
312,愛媛県伊予郡松前町上高柳230-3,愛媛県,伊予郡松前町,上高柳,230-3,,,
313,愛媛県伊予郡松前町上高柳230-4,愛媛県,伊予郡松前町,上高柳,230-4,,,
314,愛媛県伊予郡松前町上高柳231,愛媛県,伊予郡松前町,上高柳,231,,,
315,愛媛県伊予郡松前町上高柳239-5,愛媛県,伊予郡松前町,上高柳,239-5,,,
316,愛媛県伊予郡松前町上高柳239-6,愛媛県,伊予郡松前町,上高柳,239-6,,,
317,愛媛県伊予郡松前町上高柳239-8,愛媛県,伊予郡松前町,上高柳,239-8,,,
318,愛媛県伊予郡松前町上高柳240,愛媛県,伊予郡松前町,上高柳,240,,,
319,愛媛県伊予郡松前町上高柳243,愛媛県,伊予郡松前町,上高柳,243,,,
320,愛媛県伊予郡松前町上高柳249,愛媛県,伊予郡松前町,上高柳,249,,,
321,愛媛県伊予郡松前町上高柳255-1,愛媛県,伊予郡松前町,上高柳,255-1,,,
322,愛媛県伊予郡松前町上高柳255-3,愛媛県,伊予郡松前町,上高柳,255-3,,,
323,愛媛県伊予郡松前町上高柳261,愛媛県,伊予郡松前町,上高柳,261,,,
324,愛媛県伊予郡松前町上高柳261,愛媛県,伊予郡松前町,上高柳,261,,,
325,愛媛県伊予郡松前町上高柳270-3,愛媛県,伊予郡松前町,上高柳,270-3,,,
326,愛媛県伊予郡松前町上高柳275,愛媛県,伊予郡松前町,上高柳,275,,,
327,愛媛県伊予郡松前町上高柳276,愛媛県,伊予郡松前町,上高柳,276,,,
328,愛媛県伊予郡松前町上高柳276,愛媛県,伊予郡松前町,上高柳,276,,,
329,愛媛県伊予郡松前町上高柳278-3,愛媛県,伊予郡松前町,上高柳,278-3,,,
330,愛媛県伊予郡松前町上高柳279,愛媛県,伊予郡松前町,上高柳,279,,,
331,愛媛県伊予郡松前町上高柳279,愛媛県,伊予郡松前町,上高柳,279,,,
332,愛媛県伊予郡松前町上高柳280-1,愛媛県,伊予郡松前町,上高柳,280-1,,,
333,愛媛県伊予郡松前町上高柳282-4,愛媛県,伊予郡松前町,上高柳,282-4,,,
334,愛媛県伊予郡松前町上高柳282-5,愛媛県,伊予郡松前町,上高柳,282-5,,,
335,愛媛県伊予郡松前町上高柳287,愛媛県,伊予郡松前町,上高柳,287,,,
336,愛媛県伊予郡松前町上高柳295-2,愛媛県,伊予郡松前町,上高柳,295-2,,,
337,愛媛県伊予郡松前町上高柳297-15,愛媛県,伊予郡松前町,上高柳,297-15,,,
338,愛媛県伊予郡松前町上高柳303-2,愛媛県,伊予郡松前町,上高柳,303-2,,,
339,愛媛県伊予郡松前町上高柳307-1,愛媛県,伊予郡松前町,上高柳,307-1,,,
340,愛媛県伊予郡松前町上高柳317-3,愛媛県,伊予郡松前町,上高柳,317-3,,,
341,愛媛県伊予郡松前町上高柳318-3,愛媛県,伊予郡松前町,上高柳,318-3,,,
342,愛媛県伊予郡松前町上高柳326-2,愛媛県,伊予郡松前町,上高柳,326-2,,,
343,愛媛県伊予郡松前町上高柳331,愛媛県,伊予郡松前町,上高柳,331,,,
344,愛媛県伊予郡松前町上高柳332-1,愛媛県,伊予郡松前町,上高柳,332-1,,,
345,愛媛県伊予郡松前町上高柳336-3,愛媛県,伊予郡松前町,上高柳,336-3,,,
346,愛媛県伊予郡松前町上高柳336-5,愛媛県,伊予郡松前町,上高柳,336-5,,,
347,愛媛県伊予郡松前町上高柳338-2,愛媛県,伊予郡松前町,上高柳,338-2,,,
348,愛媛県伊予郡松前町上高柳338-3,愛媛県,伊予郡松前町,上高柳,338-3,,,
349,愛媛県伊予郡松前町上高柳339-4,愛媛県,伊予郡松前町,上高柳,339-4,,,
350,愛媛県伊予郡松前町上高柳340-2,愛媛県,伊予郡松前町,上高柳,340-2,,,
351,愛媛県伊予郡松前町上高柳347-3,愛媛県,伊予郡松前町,上高柳,347-3,,,
352,愛媛県伊予郡松前町上高柳348,愛媛県,伊予郡松前町,上高柳,348,,,
353,愛媛県伊予郡松前町上高柳348-10,愛媛県,伊予郡松前町,上高柳,348-10,,,
354,愛媛県伊予郡松前町上高柳348-8,愛媛県,伊予郡松前町,上高柳,348-8,,,
355,愛媛県伊予郡松前町上高柳353-2,愛媛県,伊予郡松前町,上高柳,353-2,,,
356,愛媛県伊予郡松前町上高柳353-3,愛媛県,伊予郡松前町,上高柳,353-3,,,
357,愛媛県伊予郡松前町上高柳359,愛媛県,伊予郡松前町,上高柳,359,,,
358,愛媛県伊予郡松前町上高柳359,愛媛県,伊予郡松前町,上高柳,359,,,
359,愛媛県伊予郡松前町上高柳360-3,愛媛県,伊予郡松前町,上高柳,360-3,,,
360,愛媛県伊予郡松前町上高柳360-4,愛媛県,伊予郡松前町,上高柳,360-4,,,
361,愛媛県伊予郡松前町上高柳360-6,愛媛県,伊予郡松前町,上高柳,360-6,,,
362,愛媛県伊予郡松前町上高柳364,愛媛県,伊予郡松前町,上高柳,364,,,
363,愛媛県伊予郡松前町上高柳365,愛媛県,伊予郡松前町,上高柳,365,,,
364,愛媛県伊予郡松前町上高柳366,愛媛県,伊予郡松前町,上高柳,366,,,
365,愛媛県伊予郡松前町上高柳369,愛媛県,伊予郡松前町,上高柳,369,,,
366,愛媛県伊予郡松前町上高柳370,愛媛県,伊予郡松前町,上高柳,370,,,
367,愛媛県伊予郡松前町上高柳373,愛媛県,伊予郡松前町,上高柳,373,,,
368,愛媛県伊予郡松前町上高柳374,愛媛県,伊予郡松前町,上高柳,374,,,
369,愛媛県伊予郡松前町上高柳376-2,愛媛県,伊予郡松前町,上高柳,376-2,,,
370,愛媛県伊予郡松前町上高柳377,愛媛県,伊予郡松前町,上高柳,377,,,
371,愛媛県伊予郡松前町上高柳378,愛媛県,伊予郡松前町,上高柳,378,,,
372,愛媛県伊予郡松前町上高柳380-1,愛媛県,伊予郡松前町,上高柳,380-1,,,
373,愛媛県伊予郡松前町上高柳384-1,愛媛県,伊予郡松前町,上高柳,384-1,,,
374,愛媛県伊予郡松前町上高柳402-1,愛媛県,伊予郡松前町,上高柳,402-1,,,
375,愛媛県伊予郡松前町上高柳408,愛媛県,伊予郡松前町,上高柳,408,,,
376,愛媛県伊予郡松前町上高柳415,愛媛県,伊予郡松前町,上高柳,415,,,
377,愛媛県伊予郡松前町上高柳417,愛媛県,伊予郡松前町,上高柳,417,,,
378,愛媛県伊予郡松前町上高柳422-2,愛媛県,伊予郡松前町,上高柳,422-2,,,
379,愛媛県伊予郡松前町上高柳425-1,愛媛県,伊予郡松前町,上高柳,425-1,,,
380,愛媛県伊予郡松前町上高柳425-4,愛媛県,伊予郡松前町,上高柳,425-4,,,
381,愛媛県伊予郡松前町上高柳425-5,愛媛県,伊予郡松前町,上高柳,425-5,,,
382,愛媛県伊予郡松前町上高柳427-1,愛媛県,伊予郡松前町,上高柳,427-1,,,
383,愛媛県伊予郡松前町上高柳427-3,愛媛県,伊予郡松前町,上高柳,427-3,,,
384,愛媛県伊予郡松前町上高柳427-4,愛媛県,伊予郡松前町,上高柳,427-4,,,
385,愛媛県伊予郡松前町上高柳427-5,愛媛県,伊予郡松前町,上高柳,427-5,,,
386,愛媛県伊予郡松前町上高柳428-1,愛媛県,伊予郡松前町,上高柳,428-1,,,
387,愛媛県伊予郡松前町上高柳440-1,愛媛県,伊予郡松前町,上高柳,440-1,,,
388,愛媛県伊予郡松前町上高柳443-7,愛媛県,伊予郡松前町,上高柳,443-7,,,
389,愛媛県伊予郡松前町上高柳443-9,愛媛県,伊予郡松前町,上高柳,443-9,,,
390,愛媛県伊予郡松前町上高柳444-8,愛媛県,伊予郡松前町,上高柳,444-8,,,
391,愛媛県伊予郡松前町上高柳445-4,愛媛県,伊予郡松前町,上高柳,445-4,,,
392,愛媛県伊予郡松前町上高柳445-8,愛媛県,伊予郡松前町,上高柳,445-8,,,
393,愛媛県伊予郡松前町上高柳447-2,愛媛県,伊予郡松前町,上高柳,447-2,,,
394,愛媛県伊予郡松前町上高柳458-10,愛媛県,伊予郡松前町,上高柳,458-10,,,
395,愛媛県伊予郡松前町上高柳458-13,愛媛県,伊予郡松前町,上高柳,458-13,,,
396,愛媛県伊予郡松前町上高柳458-3,愛媛県,伊予郡松前町,上高柳,458-3,,,
397,愛媛県伊予郡松前町上高柳458-5,愛媛県,伊予郡松前町,上高柳,458-5,,,
398,愛媛県伊予郡松前町上高柳458-7,愛媛県,伊予郡松前町,上高柳,458-7,,,
399,愛媛県伊予郡松前町上高柳458-8,愛媛県,伊予郡松前町,上高柳,458-8,,,
400,愛媛県伊予郡松前町上高柳481-1,愛媛県,伊予郡松前町,上高柳,481-1,,,
401,愛媛県伊予郡松前町上高柳481-3,愛媛県,伊予郡松前町,上高柳,481-3,,,
402,愛媛県伊予郡松前町上高柳481-4,愛媛県,伊予郡松前町,上高柳,481-4,,,
403,愛媛県伊予郡松前町上高柳481-5,愛媛県,伊予郡松前町,上高柳,481-5,,,
404,愛媛県伊予郡松前町上高柳496-12,愛媛県,伊予郡松前町,上高柳,496-12,,,
405,愛媛県伊予郡松前町上高柳496-13,愛媛県,伊予郡松前町,上高柳,496-13,,,
406,愛媛県伊予郡松前町上高柳496-3,愛媛県,伊予郡松前町,上高柳,496-3,,,
407,愛媛県伊予郡松前町上高柳496-8-102,愛媛県,伊予郡松前町,上高柳,496-8-102,,,
408,愛媛県伊予郡松前町上高柳497-12,愛媛県,伊予郡松前町,上高柳,497-12,,,
409,愛媛県伊予郡松前町上高柳498,愛媛県,伊予郡松前町,上高柳,498,,,
410,愛媛県伊予郡松前町上高柳498-1,愛媛県,伊予郡松前町,上高柳,498-1,,,
411,愛媛県伊予郡松前町上高柳498-1,愛媛県,伊予郡松前町,上高柳,498-1,,,
412,愛媛県伊予郡松前町上高柳499,愛媛県,伊予郡松前町,上高柳,499,,,
413,愛媛県伊予郡松前町上高柳499-5,愛媛県,伊予郡松前町,上高柳,499-5,,,
414,愛媛県伊予郡松前町上高柳508-9,愛媛県,伊予郡松前町,上高柳,508-9,,,
415,愛媛県伊予郡松前町上高柳514-2,愛媛県,伊予郡松前町,上高柳,514-2,,,
416,愛媛県伊予郡松前町上高柳523,愛媛県,伊予郡松前町,上高柳,523,,,
417,愛媛県伊予郡松前町上高柳526-3,愛媛県,伊予郡松前町,上高柳,526-3,,,
418,愛媛県伊予郡松前町上高柳533-2,愛媛県,伊予郡松前町,上高柳,533-2,,,
419,愛媛県伊予郡松前町上高柳549,愛媛県,伊予郡松前町,上高柳,549,,,
420,愛媛県伊予郡松前町上高柳572-10,愛媛県,伊予郡松前町,上高柳,572-10,,,
421,愛媛県伊予郡松前町上高柳572-5,愛媛県,伊予郡松前町,上高柳,572-5,,,
422,愛媛県伊予郡松前町上高柳572-6,愛媛県,伊予郡松前町,上高柳,572-6,,,
423,愛媛県伊予郡松前町上高柳573-1,愛媛県,伊予郡松前町,上高柳,573-1,,,
424,愛媛県伊予郡松前町上高柳573-2,愛媛県,伊予郡松前町,上高柳,573-2,,,
425,愛媛県伊予郡松前町上高柳574-3,愛媛県,伊予郡松前町,上高柳,574-3,,,
426,愛媛県伊予郡松前町上高柳574-4,愛媛県,伊予郡松前町,上高柳,574-4,,,
427,愛媛県伊予郡松前町上高柳575-5,愛媛県,伊予郡松前町,上高柳,575-5,,,
428,愛媛県伊予郡松前町上高柳578-13,愛媛県,伊予郡松前町,上高柳,578-13,,,
429,愛媛県伊予郡松前町上高柳578-14,愛媛県,伊予郡松前町,上高柳,578-14,,,
430,愛媛県伊予郡松前町上高柳579-4,愛媛県,伊予郡松前町,上高柳,579-4,,,
431,愛媛県伊予郡松前町上高柳580-14,愛媛県,伊予郡松前町,上高柳,580-14,,,
432,愛媛県伊予郡松前町上高柳580-15,愛媛県,伊予郡松前町,上高柳,580-15,,,
433,愛媛県伊予郡松前町上高柳580-16,愛媛県,伊予郡松前町,上高柳,580-16,,,
434,愛媛県伊予郡松前町上高柳580-9,愛媛県,伊予郡松前町,上高柳,580-9,,,
435,愛媛県伊予郡松前町上高柳581-2,愛媛県,伊予郡松前町,上高柳,581-2,,,
436,愛媛県伊予郡松前町上高柳582-12,愛媛県,伊予郡松前町,上高柳,582-12,,,
437,愛媛県伊予郡松前町上高柳583-11,愛媛県,伊予郡松前町,上高柳,583-11,,,
438,愛媛県伊予郡松前町上高柳583-12,愛媛県,伊予郡松前町,上高柳,583-12,,,
439,愛媛県伊予郡松前町上高柳583-19,愛媛県,伊予郡松前町,上高柳,583-19,,,
440,愛媛県伊予郡松前町上高柳583-2,愛媛県,伊予郡松前町,上高柳,583-2,,,
441,愛媛県伊予郡松前町上高柳583-20,愛媛県,伊予郡松前町,上高柳,583-20,,,
442,愛媛県伊予郡松前町上高柳583-9,愛媛県,伊予郡松前町,上高柳,583-9,,,
443,愛媛県伊予郡松前町上高柳586-1-102,愛媛県,伊予郡松前町,上高柳,586-1-102,,,
444,愛媛県伊予郡松前町上高柳591,愛媛県,伊予郡松前町,上高柳,591,,,
445,愛媛県伊予郡松前町上高柳591,愛媛県,伊予郡松前町,上高柳,591,,,
446,愛媛県伊予郡松前町上高柳597-1,愛媛県,伊予郡松前町,上高柳,597-1,,,
447,愛媛県伊予郡松前町上高柳599-1,愛媛県,伊予郡松前町,上高柳,599-1,,,
448,愛媛県伊予郡松前町上高柳599-3,愛媛県,伊予郡松前町,上高柳,599-3,,,
449,愛媛県伊予郡松前町上高柳624,愛媛県,伊予郡松前町,上高柳,624,,,
450,愛媛県伊予郡松前町上高柳625-1,愛媛県,伊予郡松前町,上高柳,625-1,,,
451,愛媛県伊予郡松前町上高柳634,愛媛県,伊予郡松前町,上高柳,634,,,
452,愛媛県伊予郡松前町上高柳73-11,愛媛県,伊予郡松前町,上高柳,73-11,,,
453,愛媛県伊予郡松前町上高柳73-6,愛媛県,伊予郡松前町,上高柳,73-6,,,
454,愛媛県伊予郡松前町上高柳75-1,愛媛県,伊予郡松前町,上高柳,75-1,,,
455,愛媛県伊予郡松前町上高柳76-2,愛媛県,伊予郡松前町,上高柳,76-2,,,
456,愛媛県伊予郡松前町上高柳76-7,愛媛県,伊予郡松前町,上高柳,76-7,,,
457,愛媛県伊予郡松前町上高柳76-9,愛媛県,伊予郡松前町,上高柳,76-9,,,
458,愛媛県伊予郡松前町上高柳77,愛媛県,伊予郡松前町,上高柳,77,,,
459,愛媛県伊予郡松前町上高柳78,愛媛県,伊予郡松前町,上高柳,78,,,
460,愛媛県伊予郡松前町上高柳78-3,愛媛県,伊予郡松前町,上高柳,78-3,,,
461,愛媛県伊予郡松前町上高柳79-2,愛媛県,伊予郡松前町,上高柳,79-2,,,
462,愛媛県伊予郡松前町上高柳80-5,愛媛県,伊予郡松前町,上高柳,80-5,,,
463,愛媛県伊予郡松前町上高柳81-1,愛媛県,伊予郡松前町,上高柳,81-1,,,
464,愛媛県伊予郡松前町上高柳81-2,愛媛県,伊予郡松前町,上高柳,81-2,,,
465,愛媛県伊予郡松前町上高柳82-3,愛媛県,伊予郡松前町,上高柳,82-3,,,
466,愛媛県伊予郡松前町上高柳83-6,愛媛県,伊予郡松前町,上高柳,83-6,,,
467,愛媛県伊予郡松前町上高柳84-6,愛媛県,伊予郡松前町,上高柳,84-6,,,
468,愛媛県伊予郡松前町上高柳85-3,愛媛県,伊予郡松前町,上高柳,85-3,,,
469,愛媛県伊予郡松前町上高柳85-5,愛媛県,伊予郡松前町,上高柳,85-5,,,
470,愛媛県伊予郡松前町上高柳86-1,愛媛県,伊予郡松前町,上高柳,86-1,,,
471,愛媛県伊予郡松前町上高柳86-2,愛媛県,伊予郡松前町,上高柳,86-2,,,
472,愛媛県伊予郡松前町上高柳88-3,愛媛県,伊予郡松前町,上高柳,88-3,,,
473,愛媛県伊予郡松前町上高柳98-4,愛媛県,伊予郡松前町,上高柳,98-4,,,
474,愛媛県伊予郡松前町上高柳角田232-4,愛媛県,伊予郡松前町,上高柳角田,232-4,,,ERROR: address2'のデータは、自動チェック機構が参照する日本郵便のデータセットに合致しません。  
475,愛媛県伊予郡松前町上高柳畔地73-2,愛媛県,伊予郡松前町,上高柳畔地,73-2,,,ERROR: address2'のデータは、自動チェック機構が参照する日本郵便のデータセットに合致しません。  
476,愛媛県伊予郡松前町神崎,愛媛県,伊予郡松前町,,,神崎,,CAUTION: address4の情報は本来あるべきではない場所にある可能性があります。  ERROR: address3の列の情報がありません。  
477,愛媛県伊予郡松前町神崎1-1,愛媛県,伊予郡松前町,神崎,1-1,,,
478,愛媛県伊予郡松前町神崎10-1,愛媛県,伊予郡松前町,神崎,10-1,,,
479,愛媛県伊予郡松前町神崎103-5,愛媛県,伊予郡松前町,神崎,103-5,,,
480,愛媛県伊予郡松前町神崎1030-7,愛媛県,伊予郡松前町,神崎,1030-7,,,
481,愛媛県伊予郡松前町神崎1031-2,愛媛県,伊予郡松前町,神崎,1031-2,,,
482,愛媛県伊予郡松前町神崎1032-14,愛媛県,伊予郡松前町,神崎,1032-14,,,
483,愛媛県伊予郡松前町神崎1032-7,愛媛県,伊予郡松前町,神崎,1032-7,,,
484,愛媛県伊予郡松前町神崎104-1,愛媛県,伊予郡松前町,神崎,104-1,,,
485,愛媛県伊予郡松前町神崎1049-1,愛媛県,伊予郡松前町,神崎,1049-1,,,
486,愛媛県伊予郡松前町神崎1049-3,愛媛県,伊予郡松前町,神崎,1049-3,,,
487,愛媛県伊予郡松前町神崎1049-4,愛媛県,伊予郡松前町,神崎,1049-4,,,
488,愛媛県伊予郡松前町神崎105-1,愛媛県,伊予郡松前町,神崎,105-1,,,
489,愛媛県伊予郡松前町神崎1057-2,愛媛県,伊予郡松前町,神崎,1057-2,,,
490,愛媛県伊予郡松前町神崎1057-3,愛媛県,伊予郡松前町,神崎,1057-3,,,
491,愛媛県伊予郡松前町神崎1066-3,愛媛県,伊予郡松前町,神崎,1066-3,,,
492,愛媛県伊予郡松前町神崎1067,愛媛県,伊予郡松前町,神崎,1067,,,
493,愛媛県伊予郡松前町神崎1067-5,愛媛県,伊予郡松前町,神崎,1067-5,,,
494,愛媛県伊予郡松前町神崎1069-1,愛媛県,伊予郡松前町,神崎,1069-1,,,
495,愛媛県伊予郡松前町神崎1077-5,愛媛県,伊予郡松前町,神崎,1077-5,,,
496,愛媛県伊予郡松前町神崎1084-1,愛媛県,伊予郡松前町,神崎,1084-1,,,
497,愛媛県伊予郡松前町神崎114,愛媛県,伊予郡松前町,神崎,114,,,
498,愛媛県伊予郡松前町神崎120,愛媛県,伊予郡松前町,神崎,120,,,
499,愛媛県伊予郡松前町神崎130-3,愛媛県,伊予郡松前町,神崎,130-3,,,
500,愛媛県伊予郡松前町神崎133-4,愛媛県,伊予郡松前町,神崎,133-4,,,
501,愛媛県伊予郡松前町神崎134,愛媛県,伊予郡松前町,神崎,134,,,
502,愛媛県伊予郡松前町神崎135,愛媛県,伊予郡松前町,神崎,135,,,
503,愛媛県伊予郡松前町神崎14,愛媛県,伊予郡松前町,神崎,14,,,
504,愛媛県伊予郡松前町神崎143-1,愛媛県,伊予郡松前町,神崎,143-1,,,
505,愛媛県伊予郡松前町神崎143-1,愛媛県,伊予郡松前町,神崎,143-1,,,
506,愛媛県伊予郡松前町神崎148,愛媛県,伊予郡松前町,神崎,148,,,
507,愛媛県伊予郡松前町神崎149-1,愛媛県,伊予郡松前町,神崎,149-1,,,
508,愛媛県伊予郡松前町神崎15-2,愛媛県,伊予郡松前町,神崎,15-2,,,
509,愛媛県伊予郡松前町神崎150,愛媛県,伊予郡松前町,神崎,150,,,
510,愛媛県伊予郡松前町神崎16,愛媛県,伊予郡松前町,神崎,16,,,
511,愛媛県伊予郡松前町神崎161,愛媛県,伊予郡松前町,神崎,161,,,
512,愛媛県伊予郡松前町神崎17,愛媛県,伊予郡松前町,神崎,17,,,
513,愛媛県伊予郡松前町神崎186-1,愛媛県,伊予郡松前町,神崎,186-1,,,
514,愛媛県伊予郡松前町神崎194-1,愛媛県,伊予郡松前町,神崎,194-1,,,
515,愛媛県伊予郡松前町神崎194-3,愛媛県,伊予郡松前町,神崎,194-3,,,
516,愛媛県伊予郡松前町神崎194-3,愛媛県,伊予郡松前町,神崎,194-3,,,
517,愛媛県伊予郡松前町神崎2,愛媛県,伊予郡松前町,神崎,2,,,
518,愛媛県伊予郡松前町神崎20-4,愛媛県,伊予郡松前町,神崎,20-4,,,
519,愛媛県伊予郡松前町神崎205-10,愛媛県,伊予郡松前町,神崎,205-10,,,
520,愛媛県伊予郡松前町神崎205-6,愛媛県,伊予郡松前町,神崎,205-6,,,
521,愛媛県伊予郡松前町神崎207,愛媛県,伊予郡松前町,神崎,207,,,
522,愛媛県伊予郡松前町神崎207,愛媛県,伊予郡松前町,神崎,207,,,
523,愛媛県伊予郡松前町神崎216-2,愛媛県,伊予郡松前町,神崎,216-2,,,
524,愛媛県伊予郡松前町神崎216-5,愛媛県,伊予郡松前町,神崎,216-5,,,
525,愛媛県伊予郡松前町神崎216-8,愛媛県,伊予郡松前町,神崎,216-8,,,
526,愛媛県伊予郡松前町神崎22-10,愛媛県,伊予郡松前町,神崎,22-10,,,
527,愛媛県伊予郡松前町神崎22-12,愛媛県,伊予郡松前町,神崎,22-12,,,
528,愛媛県伊予郡松前町神崎22-15,愛媛県,伊予郡松前町,神崎,22-15,,,
529,愛媛県伊予郡松前町神崎22-19,愛媛県,伊予郡松前町,神崎,22-19,,,
530,愛媛県伊予郡松前町神崎22-21,愛媛県,伊予郡松前町,神崎,22-21,,,
531,愛媛県伊予郡松前町神崎22-3,愛媛県,伊予郡松前町,神崎,22-3,,,
532,愛媛県伊予郡松前町神崎230,愛媛県,伊予郡松前町,神崎,230,,,
533,愛媛県伊予郡松前町神崎230,愛媛県,伊予郡松前町,神崎,230,,,
534,愛媛県伊予郡松前町神崎233-1,愛媛県,伊予郡松前町,神崎,233-1,,,
535,愛媛県伊予郡松前町神崎240,愛媛県,伊予郡松前町,神崎,240,,,
536,愛媛県伊予郡松前町神崎241,愛媛県,伊予郡松前町,神崎,241,,,
537,愛媛県伊予郡松前町神崎242,愛媛県,伊予郡松前町,神崎,242,,,
538,愛媛県伊予郡松前町神崎247,愛媛県,伊予郡松前町,神崎,247,,,
539,愛媛県伊予郡松前町神崎248,愛媛県,伊予郡松前町,神崎,248,,,
540,愛媛県伊予郡松前町神崎250,愛媛県,伊予郡松前町,神崎,250,,,
541,愛媛県伊予郡松前町神崎251-10,愛媛県,伊予郡松前町,神崎,251-10,,,
542,愛媛県伊予郡松前町神崎251-12,愛媛県,伊予郡松前町,神崎,251-12,,,
543,愛媛県伊予郡松前町神崎253,愛媛県,伊予郡松前町,神崎,253,,,
544,愛媛県伊予郡松前町神崎255-6,愛媛県,伊予郡松前町,神崎,255-6,,,
545,愛媛県伊予郡松前町神崎256-5,愛媛県,伊予郡松前町,神崎,256-5,,,
546,愛媛県伊予郡松前町神崎258,愛媛県,伊予郡松前町,神崎,258,,,
547,愛媛県伊予郡松前町神崎27-1,愛媛県,伊予郡松前町,神崎,27-1,,,
548,愛媛県伊予郡松前町神崎270-1,愛媛県,伊予郡松前町,神崎,270-1,,,
549,愛媛県伊予郡松前町神崎270-4,愛媛県,伊予郡松前町,神崎,270-4,,,
550,愛媛県伊予郡松前町神崎271-12,愛媛県,伊予郡松前町,神崎,271-12,,,
551,愛媛県伊予郡松前町神崎271-2,愛媛県,伊予郡松前町,神崎,271-2,,,
552,愛媛県伊予郡松前町神崎276,愛媛県,伊予郡松前町,神崎,276,,,
553,愛媛県伊予郡松前町神崎28,愛媛県,伊予郡松前町,神崎,28,,,
554,愛媛県伊予郡松前町神崎28-1,愛媛県,伊予郡松前町,神崎,28-1,,,
555,愛媛県伊予郡松前町神崎282-11,愛媛県,伊予郡松前町,神崎,282-11,,,
556,愛媛県伊予郡松前町神崎282-2,愛媛県,伊予郡松前町,神崎,282-2,,,
557,愛媛県伊予郡松前町神崎282-3,愛媛県,伊予郡松前町,神崎,282-3,,,
558,愛媛県伊予郡松前町神崎286-1,愛媛県,伊予郡松前町,神崎,286-1,,,
559,愛媛県伊予郡松前町神崎286-2,愛媛県,伊予郡松前町,神崎,286-2,,,
560,愛媛県伊予郡松前町神崎287-3,愛媛県,伊予郡松前町,神崎,287-3,,,
561,愛媛県伊予郡松前町神崎29,愛媛県,伊予郡松前町,神崎,29,,,
562,愛媛県伊予郡松前町神崎29,愛媛県,伊予郡松前町,神崎,29,,,
563,愛媛県伊予郡松前町神崎29-1,愛媛県,伊予郡松前町,神崎,29-1,,,
564,愛媛県伊予郡松前町神崎29-1,愛媛県,伊予郡松前町,神崎,29-1,,,
565,愛媛県伊予郡松前町神崎297-1,愛媛県,伊予郡松前町,神崎,297-1,,,
566,愛媛県伊予郡松前町神崎299-3,愛媛県,伊予郡松前町,神崎,299-3,,,
567,愛媛県伊予郡松前町神崎299-6,愛媛県,伊予郡松前町,神崎,299-6,,,
568,愛媛県伊予郡松前町神崎299-7,愛媛県,伊予郡松前町,神崎,299-7,,,
569,愛媛県伊予郡松前町神崎299-8,愛媛県,伊予郡松前町,神崎,299-8,,,
570,愛媛県伊予郡松前町神崎3-18,愛媛県,伊予郡松前町,神崎,3-18,,,
571,愛媛県伊予郡松前町神崎317-3,愛媛県,伊予郡松前町,神崎,317-3,,,
572,愛媛県伊予郡松前町神崎336-1,愛媛県,伊予郡松前町,神崎,336-1,,,
573,愛媛県伊予郡松前町神崎342-2,愛媛県,伊予郡松前町,神崎,342-2,,,
574,愛媛県伊予郡松前町神崎347,愛媛県,伊予郡松前町,神崎,347,,,
575,愛媛県伊予郡松前町神崎348-3,愛媛県,伊予郡松前町,神崎,348-3,,,
576,愛媛県伊予郡松前町神崎348-3,愛媛県,伊予郡松前町,神崎,348-3,,,
577,愛媛県伊予郡松前町神崎349-5,愛媛県,伊予郡松前町,神崎,349-5,,,
578,愛媛県伊予郡松前町神崎35-6,愛媛県,伊予郡松前町,神崎,35-6,,,
579,愛媛県伊予郡松前町神崎35-7,愛媛県,伊予郡松前町,神崎,35-7,,,
580,愛媛県伊予郡松前町神崎36,愛媛県,伊予郡松前町,神崎,36,,,
581,東京都杉並区阿佐谷北１－３－４－４０１　CBすぎなみプラス,東京都,杉並区,阿佐谷北,1-3-4-401,CBすぎなみプラス,,
582,東京都杉並区阿佐谷北１ー１１ー３,東京都,杉並区,阿佐谷北,1-11-3,,,
583,東京都杉並区阿佐谷北3丁目３－２,東京都,杉並区,阿佐谷北,3-3-2,,,
584,東京都杉並区阿佐谷北1-49-2,東京都,杉並区,阿佐谷北,1-49-2,,,
585,東京都杉並区阿佐谷北5－1－5－301,東京都,杉並区,阿佐谷北,5-1-5-301,,,
586,東京都杉並区阿佐谷北5丁目13－14,東京都,杉並区,阿佐谷北,5-13-14,,,
587,東京都杉並区阿佐谷北6-49-4,東京都,杉並区,阿佐谷北,6-49-4,,,
588,東京都杉並区阿佐谷北5丁目19－17,東京都,杉並区,阿佐谷北,5-19-17,,,
589,東京都杉並区阿佐谷北4-21-4-107,東京都,杉並区,阿佐谷北,4-21-4-107,,,
590,東京都杉並区阿佐谷北2-25-17,東京都,杉並区,阿佐谷北,2-25-17,,,
591,東京都杉並区阿佐谷北4丁目２８－１４－４０５,東京都,杉並区,阿佐谷北,4-28-14-405,,,
592,東京都杉並区阿佐谷北４－２８－１５,東京都,杉並区,阿佐谷北,4-28-15,,,
593,東京都杉並区阿佐谷北1丁目3-6,東京都,杉並区,阿佐谷北,1-3-6,,,
594,東京都杉並区阿佐谷北5-47-13,東京都,杉並区,阿佐谷北,5-47-13,,,
595,東京都杉並区阿佐谷北1-39-18,東京都,杉並区,阿佐谷北,1-39-18,,,
596,東京都杉並区阿佐谷北4丁目１０－２０,東京都,杉並区,阿佐谷北,4-10-20,,,
597,東京都杉並区阿佐谷北3丁目３－３,東京都,杉並区,阿佐谷北,3-3-3,,,
598,東京都杉並区阿佐谷北5-27-21,東京都,杉並区,阿佐谷北,5-27-21,,,
599,東京都杉並区阿佐谷北5-47-12-703,東京都,杉並区,阿佐谷北,5-47-12-703,,,
600,東京都杉並区阿佐谷北4丁目６－１７,東京都,杉並区,阿佐谷北,4-6-17,,,
601,東京都杉並区阿佐谷北3丁目３－１８,東京都,杉並区,阿佐谷北,3-3-18,,,
602,東京都杉並区阿佐谷北1-45-2,東京都,杉並区,阿佐谷北,1-45-2,,,
603,東京都杉並区阿佐谷北４ー１ー１２,東京都,杉並区,阿佐谷北,4-1-12,,,
604,東京都杉並区阿佐谷北６ー３３ー４,東京都,杉並区,阿佐谷北,6-33-4,,,
605,東京都杉並区阿佐谷北１ー９ー９,東京都,杉並区,阿佐谷北,1-9-9,,,
606,東京都杉並区阿佐谷北１ー４１ー１０,東京都,杉並区,阿佐谷北,1-41-10,,,
607,東京都杉並区阿佐谷北１ー２０ー１０,東京都,杉並区,阿佐谷北,1-20-10,,,
608,東京都杉並区阿佐谷北１ー３５ー１１栄荘１２,東京都,杉並区,阿佐谷北,1-35-11,栄荘,12,
609,東京都杉並区阿佐谷北６ー２３ー１７,東京都,杉並区,阿佐谷北,6-23-17,,,
610,東京都杉並区阿佐谷北６ー１８ー１１,東京都,杉並区,阿佐谷北,6-18-11,,,
611,東京都杉並区阿佐谷北３ー２２ー５,東京都,杉並区,阿佐谷北,3-22-5,,,
612,東京都杉並区阿佐谷北３ー２ー１６,東京都,杉並区,阿佐谷北,3-2-16,,,
613,東京都杉並区阿佐谷北３ー１１ー２３,東京都,杉並区,阿佐谷北,3-11-23,,,
614,東京都杉並区阿佐谷北２ー１３ー１４ー３０１,東京都,杉並区,阿佐谷北,2-13-14-301,,,
615,東京都杉並区阿佐谷北3丁目2-15,東京都,杉並区,阿佐谷北,3-2-15,,,
616,東京都杉並区阿佐谷北5丁目11－1プリムベール302,東京都,杉並区,阿佐谷北,5-11-1,プリムベール,302,
617,東京都杉並区阿佐谷北2丁目1-4大樹ホームビル,東京都,杉並区,阿佐谷北,2-1-4,大樹ホームビル,,
618,東京都杉並区阿佐谷北5丁目46-24,東京都,杉並区,阿佐谷北,5-46-24,,,
619,東京都杉並区阿佐谷北2丁目1-4大樹ホームビル,東京都,杉並区,阿佐谷北,2-1-4,大樹ホームビル,,
620,東京都杉並区阿佐谷北2丁目32-6,東京都,杉並区,阿佐谷北,2-32-6,,,
621,東京都杉並区阿佐谷北6丁目9-12,東京都,杉並区,阿佐谷北,6-9-12,,,
622,東京都杉並区阿佐谷北5丁目３－９,東京都,杉並区,阿佐谷北,5-3-9,,,
623,東京都杉並区阿佐谷北3丁目１２－２,東京都,杉並区,阿佐谷北,3-12-2,,,
624,東京都杉並区阿佐谷北1-4-11-301,東京都,杉並区,阿佐谷北,1-4-11-301,,,
625,東京都杉並区阿佐谷北5-11-19-101,東京都,杉並区,阿佐谷北,5-11-19-101,,,
626,東京都杉並区阿佐谷北6-18-10,東京都,杉並区,阿佐谷北,6-18-10,,,
627,東京都杉並区阿佐谷北2-38-14-PLATEAU101,東京都,杉並区,阿佐谷北,2-38-14,PLATEAU,101,
628,東京都杉並区阿佐谷北5-47-12-ライフルーデンス阿佐ヶ谷703,東京都,杉並区,阿佐谷北,5-47-12,ライフルーデンス阿佐ヶ谷,703,
629,東京都杉並区阿佐谷北5-14-9,東京都,杉並区,阿佐谷北,5-14-9,,,
630,東京都杉並区阿佐谷北5丁目9-6,東京都,杉並区,阿佐谷北,5-9-6,,,
631,東京都杉並区阿佐谷北6丁目８－１２,東京都,杉並区,阿佐谷北,6-8-12,,,
632,東京都杉並区阿佐谷北3丁目6-13　C-3号,東京都,杉並区,阿佐谷北,3-6-13,C,3号,
633,東京都杉並区阿佐谷北6丁目33-20,東京都,杉並区,阿佐谷北,6-33-20,,,
634,東京都杉並区阿佐谷北1丁目3-9,東京都,杉並区,阿佐谷北,1-3-9,,,
635,東京都杉並区阿佐谷北1丁目28-9真南風ビル2階,東京都,杉並区,阿佐谷北,1-28-9,真南風ビル,2階,
636,東京都杉並区阿佐谷北2-38-22キリンヤビル1F,東京都,杉並区,阿佐谷北,2-38-22,キリンヤビル,1F,
637,東京都杉並区阿佐谷北2-37-13,東京都,杉並区,阿佐谷北,2-37-13,,,
638,東京都杉並区阿佐谷北3-27-11「菓人結人」内,東京都,杉並区,阿佐谷北,3-27-11,「菓人結人」内,,
639,東京都杉並区阿佐谷北3-36-1,東京都,杉並区,阿佐谷北,3-36-1,,,
640,東京都杉並区阿佐谷北6-47-13,東京都,杉並区,阿佐谷北,6-47-13,,,
641,東京都杉並区阿佐谷北1-42-14,東京都,杉並区,阿佐谷北,1-42-14,,,
642,東京都杉並区阿佐谷北1-46-4,東京都,杉並区,阿佐谷北,1-46-4,,,
643,東京都杉並区阿佐谷北2-13-19,東京都,杉並区,阿佐谷北,2-13-19,,,
644,東京都杉並区阿佐谷北2-15-17,東京都,杉並区,阿佐谷北,2-15-17,,,
645,東京都杉並区阿佐谷北 1-13-6,東京都,杉並区,阿佐谷北-,1-13-6,,,ERROR: address2'のデータは、自動チェック機構が参照する日本郵便のデータセットに合致しません。  
646,東京都杉並区高円寺北２－２５－７　由井建設内,東京都,杉並区,高円寺北,2-25-7,由井建設内,,
647,東京都杉並区高円寺北3丁目３２－１１,東京都,杉並区,高円寺北,3-32-11,,,
648,東京都杉並区高円寺北２－２５－７　由井建設内,東京都,杉並区,高円寺北,2-25-7,由井建設内,,
649,東京都杉並区高円寺北３－２２－１２,東京都,杉並区,高円寺北,3-22-12,,,
650,東京都杉並区高円寺北2─20─7三貴丸ビル3F,東京都,杉並区,高円寺北,2-20-73,貴丸ビル,3F,
651,東京都杉並区高円寺北2丁目7－6,東京都,杉並区,高円寺北,2-7-6,,,
652,東京都杉並区高円寺北2－20－6－602,東京都,杉並区,高円寺北,2-20-6-602,,,
653,東京都杉並区高円寺北3-20-16グレースハイムA号室,東京都,杉並区,高円寺北,3-20-16,グレースハイムA号室,,
654,東京都杉並区高円寺北3丁目12-1,東京都,杉並区,高円寺北,3-12-1,,,
655,東京都杉並区高円寺北2─3─4高円寺ビル501,東京都,杉並区,高円寺北,2-3-4,高円寺ビル,501,
656,東京都杉並区高円寺北3─21─17─404,東京都,杉並区,高円寺北,3-21-17-404,,,
657,東京都杉並区高円寺北３-１４-１６-２０１,東京都,杉並区,高円寺北,3-14-16-201,,,
658,東京都杉並区高円寺北２丁目６－２高円寺センタービル３階杉並高円寺歯科,東京都,杉並区,高円寺北,2-6-2,高円寺センタービル3階杉並高円寺歯科,,
659,東京都杉並区高円寺北2-14-2,東京都,杉並区,高円寺北,2-14-2,,,
660,東京都杉並区高円寺北３丁目２０-２,東京都,杉並区,高円寺北,3-20-2,,,
661,東京都杉並区高円寺北2丁目25-4,東京都,杉並区,高円寺北,2-25-4,,,
662,東京都杉並区高円寺北2ー12ー5,東京都,杉並区,高円寺北,2-12-5,,,
663,東京都杉並区高円寺北1-19-17,東京都,杉並区,高円寺北,1-19-17,,,
664,東京都杉並区高円寺北3-37-5,東京都,杉並区,高円寺北,3-37-5,,,
665,東京都杉並区高円寺北3-29-14,東京都,杉並区,高円寺北,3-29-14,,,
666,東京都杉並区高円寺北3-21-1-20１,東京都,杉並区,高円寺北,3-21-1-201,,,
667,東京都杉並区高円寺北3-21-1-202,東京都,杉並区,高円寺北,3-21-1-202,,,
668,東京都杉並区高円寺北1丁目8-13,東京都,杉並区,高円寺北,1-8-13,,,
669,東京都杉並区高円寺北2丁目24-12,東京都,杉並区,高円寺北,2-24-12,,,
670,東京都杉並区高円寺北3丁目24-8,東京都,杉並区,高円寺北,3-24-8,,,
671,東京都杉並区高円寺北3丁目3-5,東京都,杉並区,高円寺北,3-3-5,,,
672,東京都杉並区高円寺北3丁目23-5,東京都,杉並区,高円寺北,3-23-5,,,
673,東京都杉並区高円寺北3丁目8-8,東京都,杉並区,高円寺北,3-8-8,,,
674,東京都杉並区高円寺北4丁目36-10,東京都,杉並区,高円寺北,4-36-10,,,
675,東京都杉並区高円寺北3丁目25-16,東京都,杉並区,高円寺北,3-25-16,,,
676,東京都杉並区高円寺北3丁目2-12,東京都,杉並区,高円寺北,3-2-12,,,
677,東京都杉並区高円寺北３－１－１０　アーバ・ヒルズ高円寺２０５号,東京都,杉並区,高円寺北,3-1-10,アーバ・ヒルズ高円寺,205号,
678,東京都杉並区高円寺北3丁目9-15,東京都,杉並区,高円寺北,3-9-15,,,
679,東京都杉並区高円寺北3丁目8-13,東京都,杉並区,高円寺北,3-8-13,,,
680,東京都杉並区高円寺北2-1-18宝来荘2号,東京都,杉並区,高円寺北,2-1-18,宝来荘,2号,
681,東京都杉並区高円寺北3-29-10,東京都,杉並区,高円寺北,3-29-10,,,
682,東京都杉並区高円寺北4-28-15,東京都,杉並区,高円寺北,4-28-15,,,
683,東京都杉並区高円寺北3-37-11,東京都,杉並区,高円寺北,3-37-11,,,
684,東京都杉並区高円寺北2丁目16-13,東京都,杉並区,高円寺北,2-16-13,,,
685,東京都杉並区高円寺北2丁目16-13,東京都,杉並区,高円寺北,2-16-13,,,
686,東京都杉並区高円寺北1丁目8-25,東京都,杉並区,高円寺北,1-8-25,,,
687,東京都杉並区高円寺北2-22-5キャニオンプラザ大須賀302,東京都,杉並区,高円寺北,2-22-5,キャニオンプラザ大須賀,302,
688,東京都杉並区高円寺北１ー１１ー１９,東京都,杉並区,高円寺北,1-11-19,,,
689,東京都杉並区高円寺北２ー４１ー１４,東京都,杉並区,高円寺北,2-41-14,,,
690,東京都杉並区高円寺北４ー３９ー６,東京都,杉並区,高円寺北,4-39-6,,,
691,東京都杉並区高円寺北２ー３９ー４,東京都,杉並区,高円寺北,2-39-4,,,
692,東京都杉並区高円寺北２ー３５ー２,東京都,杉並区,高円寺北,2-35-2,,,
693,東京都杉並区高円寺北３ー３５ー２,東京都,杉並区,高円寺北,3-35-2,,,
694,東京都杉並区高円寺北４ー７ー１,東京都,杉並区,高円寺北,4-7-1,,,
695,東京都杉並区高円寺北１ー１５ー１３,東京都,杉並区,高円寺北,1-15-13,,,
696,東京都杉並区高円寺北3-35-30,東京都,杉並区,高円寺北,3-35-30,,,
697,東京都杉並区高円寺北3丁目44－22,東京都,杉並区,高円寺北,3-44-22,,,
698,東京都杉並区高円寺北2丁目14-226　サンパレス305,東京都,杉並区,高円寺北,2-14-226,サンパレス,305,
699,東京都杉並区高円寺北3丁目45-16,東京都,杉並区,高円寺北,3-45-16,,,
700,東京都杉並区高円寺北3丁目8-2,東京都,杉並区,高円寺北,3-8-2,,,
701,東京都杉並区高円寺北3丁目30-8,東京都,杉並区,高円寺北,3-30-8,,,
702,東京都杉並区高円寺北3-38-20,東京都,杉並区,高円寺北,3-38-20,,,
703,東京都杉並区高円寺北2丁目24-15,東京都,杉並区,高円寺北,2-24-15,,,
704,東京都杉並区高円寺北1丁目12-10,東京都,杉並区,高円寺北,1-12-10,,,
705,東京都杉並区高円寺北2丁目25-6,東京都,杉並区,高円寺北,2-25-6,,,
706,東京都杉並区高円寺北3丁目38-2,東京都,杉並区,高円寺北,3-38-2,,,
707,東京都杉並区高円寺北2丁目28-11,東京都,杉並区,高円寺北,2-28-11,,,
708,東京都杉並区高円寺北1丁目17-11,東京都,杉並区,高円寺北,1-17-11,,,
709,東京都杉並区高円寺北4丁目11-7,東京都,杉並区,高円寺北,4-11-7,,,
710,東京都杉並区高円寺北3丁目41-4,東京都,杉並区,高円寺北,3-41-4,,,
711,東京都杉並区高円寺北2丁目37-3,東京都,杉並区,高円寺北,2-37-3,,,
712,東京都杉並区高円寺北3丁目23-13,東京都,杉並区,高円寺北,3-23-13,,,
713,東京都杉並区高円寺北3丁目10-6,東京都,杉並区,高円寺北,3-10-6,,,
714,東京都杉並区高円寺北4丁目43-8,東京都,杉並区,高円寺北,4-43-8,,,
715,東京都杉並区高円寺北4丁目9-5,東京都,杉並区,高円寺北,4-9-5,,,
716,東京都杉並区高円寺北4丁目44-4,東京都,杉並区,高円寺北,4-44-4,,,
717,東京都杉並区高円寺北3丁目35-6,東京都,杉並区,高円寺北,3-35-6,,,
718,東京都杉並区高円寺北2丁目37-3,東京都,杉並区,高円寺北,2-37-3,,,
719,東京都杉並区高円寺北3丁目38-20,東京都,杉並区,高円寺北,3-38-20,,,
720,東京都杉並区高円寺北3丁目13-4,東京都,杉並区,高円寺北,3-13-4,,,
721,東京都杉並区高円寺北4丁目24-16,東京都,杉並区,高円寺北,4-24-16,,,
722,東京都杉並区高円寺北1丁目9-20,東京都,杉並区,高円寺北,1-9-20,,,
723,東京都杉並区高円寺北3丁目39-11,東京都,杉並区,高円寺北,3-39-11,,,
724,東京都杉並区高円寺北3丁目13-4,東京都,杉並区,高円寺北,3-13-4,,,
725,東京都杉並区高円寺北1丁目11-9,東京都,杉並区,高円寺北,1-11-9,,,
726,東京都杉並区高円寺北3丁目3-10,東京都,杉並区,高円寺北,3-3-10,,,
727,東京都杉並区高円寺北2丁目26-13,東京都,杉並区,高円寺北,2-26-13,,,
728,東京都杉並区高円寺北4丁目34-11,東京都,杉並区,高円寺北,4-34-11,,,
729,東京都杉並区高円寺北3丁目30-8,東京都,杉並区,高円寺北,3-30-8,,,
730,東京都杉並区高円寺北1丁目10-13-7号,東京都,杉並区,高円寺北,1-10-13,,7号,CAUTION: address4と、address5のデータには不正な文字列が含まれている可能性があります。両方について確認することを推奨します。  
731,東京都杉並区高円寺北1丁目13-7,東京都,杉並区,高円寺北,1-13-7,,,
732,東京都杉並区高円寺北3-43-10　ヘアーサロン新東京,東京都,杉並区,高円寺北,3-43-10,ヘアーサロン新東京,,
733,東京都杉並区高円寺北1-21-6,東京都,杉並区,高円寺北,1-21-6,,,
734,東京都杉並区高円寺北1丁目１０,東京都,杉並区,高円寺北,1-10,,,
735,東京都杉並区高円寺北1-10-13-9,東京都,杉並区,高円寺北,1-10-13-9,,,
736,東京都杉並区高円寺北2-38-7,東京都,杉並区,高円寺北,2-38-7,,,
737,東京都杉並区高円寺北3-22-12太陽らーめん,東京都,杉並区,高円寺北,3-22-12,太陽らーめん,,
738,東京都杉並区高円寺北1丁目12-18,東京都,杉並区,高円寺北,1-12-18,,,
739,東京都杉並区高円寺北1丁目14-22,東京都,杉並区,高円寺北,1-14-22,,,
740,東京都杉並区高円寺北3丁目17-10アールプラン101,東京都,杉並区,高円寺北,3-17-10,アールプラン,101,
741,東京都杉並区高円寺北1丁目8-25,東京都,杉並区,高円寺北,1-8-25,,,
742,東京都杉並区高円寺北2丁目41-1,東京都,杉並区,高円寺北,2-41-1,,,
743,東京都杉並区高円寺北4-29-2秀和レジデンス416,東京都,杉並区,高円寺北,4-29-2,秀和レジデンス,416,
744,東京都杉並区高円寺北 3-22-3 群星館 3階,東京都,杉並区,高円寺北-,3-22-3,群星館,3階,ERROR: address2'のデータは、自動チェック機構が参照する日本郵便のデータセットに合致しません。  
745,東京都杉並区高円寺北1-14-10,東京都,杉並区,高円寺北,1-14-10,,,
746,東京都杉並区高円寺北2-22-4,東京都,杉並区,高円寺北,2-22-4,,,
747,東京都杉並区高円寺北 3-22-4 UK ビル2階,東京都,杉並区,高円寺北-,3-22-4,UKービル,2階,ERROR: address2'のデータは、自動チェック機構が参照する日本郵便のデータセットに合致しません。  
748,東京都杉並区高円寺北3-22-12 関根ビル201,東京都,杉並区,高円寺北,3-22-12,関根ビル,201,
749,東京都杉並区高円寺北3-22-9,東京都,杉並区,高円寺北,3-22-9,,,
750,東京都杉並区高円寺南４－２３－４中銀高円寺マンシオン　コネクシオン,東京都,杉並区,高円寺南,4-23-4,中銀高円寺マンシオンーコネクシオン,,
751,東京都杉並区高円寺南3丁目2-4,東京都,杉並区,高円寺南,3-2-4,,,
752,東京都杉並区高円寺南3丁目11－6,東京都,杉並区,高円寺南,3-11-6,,,
753,東京都杉並区高円寺南２-８-１-９０８,東京都,杉並区,高円寺南,2-8-1-908,,,
754,東京都杉並区高円寺南4－44－15ミルフォード高円寺2階,東京都,杉並区,高円寺南,4-44-15,ミルフォード高円寺,2階,
755,東京都杉並区高円寺南２－３３－３２,東京都,杉並区,高円寺南,2-33-32,,,
756,東京都杉並区高円寺南２丁目５０-１３中澤ビル２階　(有)タクト防災,東京都,杉並区,高円寺南,2-50-13,中澤ビル2階ー(有)タクト防災,,
757,東京都杉並区高円寺南4－7－1藤和シティコープ高円寺南２０１,東京都,杉並区,高円寺南,4-7-1,藤和シティコープ高円寺南,201,
758,東京都杉並区高円寺南２丁目４８-７,東京都,杉並区,高円寺南,2-48-7,,,
759,東京都杉並区高円寺南3─6─2,東京都,杉並区,高円寺南,3-6-2,,,
760,東京都杉並区高円寺南２丁目４１-７,東京都,杉並区,高円寺南,2-41-7,,,
761,東京都杉並区高円寺南３丁目５７-１０,東京都,杉並区,高円寺南,3-57-10,,,
762,東京都杉並区高円寺南４丁目１４-１４,東京都,杉並区,高円寺南,4-14-14,,,
763,東京都杉並区高円寺南4－40－20,東京都,杉並区,高円寺南,4-40-20,,,
764,東京都杉並区高円寺南2─1─12,東京都,杉並区,高円寺南,2-1-12,,,
765,東京都杉並区高円寺南2-20-10,東京都,杉並区,高円寺南,2-20-10,,,
766,東京都杉並区高円寺南4丁目28－11,東京都,杉並区,高円寺南,4-28-11,,,
767,東京都杉並区高円寺南3－15－3－101,東京都,杉並区,高円寺南,3-15-3-101,,,
768,東京都杉並区高円寺南4丁目7－9,東京都,杉並区,高円寺南,4-7-9,,,
769,東京都杉並区高円寺南2丁目13-15,東京都,杉並区,高円寺南,2-13-15,,,
770,東京都杉並区高円寺南３丁目３４-１２,東京都,杉並区,高円寺南,3-34-12,,,
771,東京都杉並区高円寺南5－23－3　ハイム高円寺101,東京都,杉並区,高円寺南,5-23-3,ハイム高円寺,101,
772,東京都杉並区高円寺南4丁目２４－１山田ビル3階,東京都,杉並区,高円寺南,4-24-1,山田ビル,3階,
773,東京都杉並区高円寺南2丁目24-18高円寺障害者交流館内,東京都,杉並区,高円寺南,2-24-18,高円寺障害者交流館内,,
774,東京都杉並区高円寺南3丁目55-3,東京都,杉並区,高円寺南,3-55-3,,,
775,東京都杉並区高円寺南3丁目34-14,東京都,杉並区,高円寺南,3-34-14,,,
776,東京都杉並区高円寺南3丁目30-7,東京都,杉並区,高円寺南,3-30-7,,,
777,東京都杉並区高円寺南1丁目6-19,東京都,杉並区,高円寺南,1-6-19,,,
778,東京都杉並区高円寺南1丁目16-9,東京都,杉並区,高円寺南,1-16-9,,,
779,東京都杉並区高円寺南2丁目16-2,東京都,杉並区,高円寺南,2-16-2,,,
780,東京都杉並区高円寺南4丁目3-5-701,東京都,杉並区,高円寺南,4-3-5-701,,,
781,東京都杉並区高円寺南5丁目9-19,東京都,杉並区,高円寺南,5-9-19,,,
782,東京都杉並区高円寺南4丁目7-15,東京都,杉並区,高円寺南,4-7-15,,,
783,東京都杉並区高円寺南4丁目24-8,東京都,杉並区,高円寺南,4-24-8,,,
784,東京都杉並区高円寺南3丁目36-15,東京都,杉並区,高円寺南,3-36-15,,,
785,東京都杉並区高円寺南4丁目3-9,東京都,杉並区,高円寺南,4-3-9,,,
786,東京都杉並区高円寺南3丁目44-2,東京都,杉並区,高円寺南,3-44-2,,,
787,東京都杉並区高円寺南3丁目44-2,東京都,杉並区,高円寺南,3-44-2,,,
788,東京都杉並区高円寺南4-18-22和泉荘201,東京都,杉並区,高円寺南,4-18-22,和泉荘,201,
789,東京都杉並区高円寺南2丁目3-20,東京都,杉並区,高円寺南,2-3-20,,,
790,東京都杉並区高円寺南2丁目3-8,東京都,杉並区,高円寺南,2-3-8,,,
791,東京都杉並区高円寺南2丁目3-8,東京都,杉並区,高円寺南,2-3-8,,,
792,東京都杉並区高円寺南5丁目23-15,東京都,杉並区,高円寺南,5-23-15,,,
793,東京都杉並区高円寺南5丁目4-7,東京都,杉並区,高円寺南,5-4-7,,,
794,東京都杉並区高円寺南3-46-3五明堂ビル,東京都,杉並区,高円寺南,3-46-35,明堂ビル,,
795,東京都杉並区高円寺南2-40-29,東京都,杉並区,高円寺南,2-40-29,,,
796,東京都杉並区高円寺南2-40-29,東京都,杉並区,高円寺南,2-40-29,,,
797,東京都杉並区高円寺南2丁目20-24,東京都,杉並区,高円寺南,2-20-24,,,
798,東京都杉並区高円寺南3丁目２３－７,東京都,杉並区,高円寺南,3-23-7,,,
799,東京都杉並区高円寺南1丁目11-3,東京都,杉並区,高円寺南,1-11-3,,,
800,東京都杉並区高円寺南3-41-10,東京都,杉並区,高円寺南,3-41-10,,,
801,東京都杉並区高円寺南3-28-9,東京都,杉並区,高円寺南,3-28-9,,,
802,東京都杉並区高円寺南5─36─8　NPOクラージュ　至誠館,東京都,杉並区,高円寺南,5-36-8,NPOクラージュー至誠館,,
803,東京都杉並区高円寺南5丁目8-2,東京都,杉並区,高円寺南,5-8-2,,,
804,東京都杉並区高円寺南４－４４－１９,東京都,杉並区,高円寺南,4-44-19,,,
805,東京都杉並区高円寺南5-26-13,東京都,杉並区,高円寺南,5-26-13,,,
806,東京都杉並区高円寺南5-14-15-211,東京都,杉並区,高円寺南,5-14-15-211,,,
807,東京都杉並区高円寺南2─35─3,東京都,杉並区,高円寺南,2-35-3,,,
808,東京都杉並区高円寺南３－５７－１０,東京都,杉並区,高円寺南,3-57-10,,,
809,東京都杉並区高円寺南3-44-13,東京都,杉並区,高円寺南,3-44-13,,,
810,東京都杉並区高円寺南1-34-9-511,東京都,杉並区,高円寺南,1-34-9-511,,,
811,東京都杉並区高円寺南３－５７－１０,東京都,杉並区,高円寺南,3-57-10,,,
812,東京都杉並区高円寺南4丁目5-4,東京都,杉並区,高円寺南,4-5-4,,,
813,東京都杉並区高円寺南４－２７－４,東京都,杉並区,高円寺南,4-27-4,,,
814,東京都杉並区高円寺南2-27-13,東京都,杉並区,高円寺南,2-27-13,,,
815,東京都杉並区高円寺南3─6─2,東京都,杉並区,高円寺南,3-6-2,,,
816,東京都杉並区高円寺南5─34─20,東京都,杉並区,高円寺南,5-34-20,,,
817,東京都杉並区高円寺南2-27-13,東京都,杉並区,高円寺南,2-27-13,,,
818,東京都杉並区高円寺南2-28-3,東京都,杉並区,高円寺南,2-28-3,,,
819,東京都杉並区高円寺南4-42-6,東京都,杉並区,高円寺南,4-42-6,,,
820,東京都杉並区高円寺南1-4-5—402,東京都,杉並区,高円寺南,1-4-5,—,402,
821,東京都杉並区高円寺南3丁目42-26-501,東京都,杉並区,高円寺南,3-42-26-501,,,
822,東京都杉並区高円寺南２ー４０ー２３,東京都,杉並区,高円寺南,2-40-23,,,
823,東京都杉並区高円寺南３ー３１ー５,東京都,杉並区,高円寺南,3-31-5,,,
824,東京都杉並区高円寺南２ー４５ー１３,東京都,杉並区,高円寺南,2-45-13,,,
825,東京都杉並区高円寺南４ー４１ー１３,東京都,杉並区,高円寺南,4-41-13,,,
826,東京都杉並区高円寺南３ー６ー３,東京都,杉並区,高円寺南,3-6-3,,,
827,東京都杉並区高円寺南４ー４１ー１６,東京都,杉並区,高円寺南,4-41-16,,,
828,東京都杉並区高円寺南１ー３１ー４,東京都,杉並区,高円寺南,1-31-4,,,
829,東京都杉並区高円寺南２ー１４ー２カセッタ高円寺２３,東京都,杉並区,高円寺南,2-14-2,カセッタ高円寺,23,
830,東京都杉並区高円寺南３ー４３ー４,東京都,杉並区,高円寺南,3-43-4,,,
831,東京都杉並区高円寺南３ー５９ー７ー２０２,東京都,杉並区,高円寺南,3-59-7-202,,,
832,東京都杉並区高円寺南４ー１７ー１７,東京都,杉並区,高円寺南,4-17-17,,,
833,東京都杉並区高円寺南３ー２５ー１７,東京都,杉並区,高円寺南,3-25-17,,,
834,東京都杉並区高円寺南１ー６ー１９,東京都,杉並区,高円寺南,1-6-19,,,
835,東京都杉並区高円寺南３ー４１ー５,東京都,杉並区,高円寺南,3-41-5,,,
836,東京都杉並区高円寺南３ー２９ー１１,東京都,杉並区,高円寺南,3-29-11,,,
837,東京都杉並区高円寺南４ー2６ー１９,東京都,杉並区,高円寺南,4-26-19,,,
838,東京都杉並区高円寺南2丁目21-9木下ビル202,東京都,杉並区,高円寺南,2-21-9,木下ビル,202,
839,東京都杉並区高円寺南3-50-11,東京都,杉並区,高円寺南,3-50-11,,,
840,東京都杉並区高円寺南3丁目55-12,東京都,杉並区,高円寺南,3-55-12,,,
841,東京都杉並区高円寺南3丁目30－21,東京都,杉並区,高円寺南,3-30-21,,,
842,東京都杉並区高円寺南3丁目43－11,東京都,杉並区,高円寺南,3-43-11,,,
843,東京都杉並区高円寺南4丁目41-9,東京都,杉並区,高円寺南,4-41-9,,,
844,東京都杉並区高円寺南2丁目49-3,東京都,杉並区,高円寺南,2-49-3,,,
845,東京都杉並区高円寺南5丁目9-15,東京都,杉並区,高円寺南,5-9-15,,,
846,東京都杉並区高円寺南3丁目36-16,東京都,杉並区,高円寺南,3-36-16,,,
847,東京都杉並区高円寺南3丁目39-4,東京都,杉並区,高円寺南,3-39-4,,,
848,東京都杉並区高円寺南5丁目38-18,東京都,杉並区,高円寺南,5-38-18,,,
849,東京都杉並区高円寺南2丁目23-3,東京都,杉並区,高円寺南,2-23-3,,,
850,東京都杉並区高円寺南4丁目45-8サマリヤM403,東京都,杉並区,高円寺南,4-45-8,サマリヤM,403,
851,東京都杉並区高円寺南4丁目40-11,東京都,杉並区,高円寺南,4-40-11,,,
852,東京都杉並区高円寺南2丁目16-3,東京都,杉並区,高円寺南,2-16-3,,,
853,東京都杉並区高円寺南4丁目3-9,東京都,杉並区,高円寺南,4-3-9,,,
854,東京都杉並区高円寺南5丁目18-8,東京都,杉並区,高円寺南,5-18-8,,,
855,東京都杉並区高円寺南4丁目17-12,東京都,杉並区,高円寺南,4-17-12,,,
856,東京都杉並区高円寺南5丁目22-7,東京都,杉並区,高円寺南,5-22-7,,,
857,東京都杉並区高円寺南3丁目34-2,東京都,杉並区,高円寺南,3-34-2,,,
858,東京都杉並区高円寺南5丁目10-10,東京都,杉並区,高円寺南,5-10-10,,,
859,東京都杉並区高円寺南1丁目5-20,東京都,杉並区,高円寺南,1-5-20,,,
860,東京都杉並区高円寺南5丁目34-14,東京都,杉並区,高円寺南,5-34-14,,,
861,東京都杉並区高円寺南2丁目48-6,東京都,杉並区,高円寺南,2-48-6,,,
862,東京都杉並区高円寺南2丁目23-4,東京都,杉並区,高円寺南,2-23-4,,,
863,東京都杉並区高円寺南2丁目3-21,東京都,杉並区,高円寺南,2-3-21,,,
864,東京都杉並区高円寺南2丁目5-3,東京都,杉並区,高円寺南,2-5-3,,,
865,東京都杉並区高円寺南4丁目39-17,東京都,杉並区,高円寺南,4-39-17,,,
866,東京都杉並区高円寺南5丁目7-14,東京都,杉並区,高円寺南,5-7-14,,,
867,東京都杉並区高円寺南1丁目5-21,東京都,杉並区,高円寺南,1-5-21,,,
868,東京都杉並区高円寺南4丁目18-23,東京都,杉並区,高円寺南,4-18-23,,,
869,東京都杉並区高円寺南4丁目26-19-505,東京都,杉並区,高円寺南,4-26-19-505,,,
870,東京都杉並区高円寺南1丁目13-13,東京都,杉並区,高円寺南,1-13-13,,,
871,東京都杉並区高円寺南5丁目9-19,東京都,杉並区,高円寺南,5-9-19,,,
872,東京都杉並区高円寺南1丁目6-6,東京都,杉並区,高円寺南,1-6-6,,,
873,東京都杉並区高円寺南3丁目6-1,東京都,杉並区,高円寺南,3-6-1,,,
874,東京都杉並区高円寺南2丁目38-6,東京都,杉並区,高円寺南,2-38-6,,,
875,東京都杉並区高円寺南3丁目30-5,東京都,杉並区,高円寺南,3-30-5,,,
876,東京都杉並区高円寺南1丁目9-13,東京都,杉並区,高円寺南,1-9-13,,,
877,東京都杉並区高円寺南3丁目11-6,東京都,杉並区,高円寺南,3-11-6,,,
878,東京都杉並区高円寺南4丁目39-17,東京都,杉並区,高円寺南,4-39-17,,,
879,東京都杉並区高円寺南1丁目5-4-206高円寺サンハイツ,東京都,杉並区,高円寺南,1-5-4-206,高円寺サンハイツ,,
880,東京都杉並区高円寺南1丁目34-9-503,東京都,杉並区,高円寺南,1-34-9-503,,,
881,東京都杉並区高円寺南4丁目19-2,東京都,杉並区,高円寺南,4-19-2,,,
882,東京都杉並区高円寺南5丁目16-8,東京都,杉並区,高円寺南,5-16-8,,,
883,東京都杉並区高円寺南2丁目6-11,東京都,杉並区,高円寺南,2-6-11,,,
884,東京都杉並区高円寺南3丁目33-7,東京都,杉並区,高円寺南,3-33-7,,,
885,東京都杉並区高円寺南5丁目36-7,東京都,杉並区,高円寺南,5-36-7,,,
886,東京都杉並区高円寺南1丁目1-17,東京都,杉並区,高円寺南,1-1-17,,,
887,東京都杉並区高円寺南4丁目24-11-302,東京都,杉並区,高円寺南,4-24-11-302,,,
888,東京都杉並区高円寺南3丁目13-15,東京都,杉並区,高円寺南,3-13-15,,,
889,東京都杉並区高円寺南1丁目24-14-104,東京都,杉並区,高円寺南,1-24-14-104,,,
890,東京都杉並区高円寺南2丁目33-35,東京都,杉並区,高円寺南,2-33-35,,,
891,東京都杉並区高円寺南2丁目22-3,東京都,杉並区,高円寺南,2-22-3,,,
892,東京都杉並区高円寺南2丁目45-3,東京都,杉並区,高円寺南,2-45-3,,,
893,東京都杉並区高円寺南5丁目13-9,東京都,杉並区,高円寺南,5-13-9,,,
894,東京都杉並区高円寺南1-14-14,東京都,杉並区,高円寺南,1-14-14,,,
895,東京都杉並区高円寺南3-56-1 ㈲蔵正,東京都,杉並区,高円寺南,3-56-1,㈲蔵正,,
896,東京都杉並区高円寺南5-36-4,東京都,杉並区,高円寺南,5-36-4,,,
897,東京都杉並区高円寺南5-36-13-105,東京都,杉並区,高円寺南,5-36-13-105,,,
898,東京都杉並区高円寺南5-36-25-105,東京都,杉並区,高円寺南,5-36-25-105,,,
899,東京都杉並区高円寺南1-17-2,東京都,杉並区,高円寺南,1-17-2,,,
900,東京都杉並区高円寺南2-42-18,東京都,杉並区,高円寺南,2-42-18,,,
901,東京都杉並区高円寺南5-13-20ハイツ森103,東京都,杉並区,高円寺南,5-13-20,ハイツ森,103,
902,東京都杉並区高円寺南2-50-6-108,東京都,杉並区,高円寺南,2-50-6-108,,,
903,東京都杉並区高円寺南5丁目1-3,東京都,杉並区,高円寺南,5-1-3,,,
904,東京都杉並区高円寺南1-6-5-501,東京都,杉並区,高円寺南,1-6-5-501,,,
905,東京都杉並区高円寺南3-45-19,東京都,杉並区,高円寺南,3-45-19,,,
906,東京都杉並区高円寺南1-14-20,東京都,杉並区,高円寺南,1-14-20,,,
907,東京都杉並区高円寺南1-25-20,東京都,杉並区,高円寺南,1-25-20,,,
908,東京都杉並区高円寺南3丁目11-10メゾンドソレイユ101,東京都,杉並区,高円寺南,3-11-10,メゾンドソレイユ,101,
909,東京都杉並区高円寺南2-52-10,東京都,杉並区,高円寺南,2-52-10,,,
910,東京都杉並区高円寺南2-52-10,東京都,杉並区,高円寺南,2-52-10,,,
911,東京都杉並区高円寺南2-21-6,東京都,杉並区,高円寺南,2-21-6,,,
912,東京都杉並区高円寺南1丁目6-5-1005,東京都,杉並区,高円寺南,1-6-5-1005,,,
913,東京都杉並区高円寺南４－３４－５－２０２,東京都,杉並区,高円寺南,4-34-5-202,,,
914,東京都杉並区高円寺南3丁目4-15-107,東京都,杉並区,高円寺南,3-4-15-107,,,
915,東京都杉並区高円寺南5丁目4-7,東京都,杉並区,高円寺南,5-4-7,,,
916,東京都杉並区高円寺南5丁目23-15,東京都,杉並区,高円寺南,5-23-15,,,
917,東京都杉並区高円寺南3丁目42-16-501,東京都,杉並区,高円寺南,3-42-16-501,,,
918,東京都杉並区高円寺南3丁目45-19,東京都,杉並区,高円寺南,3-45-19,,,
919,東京都杉並区高円寺南2丁目37-7,東京都,杉並区,高円寺南,2-37-7,,,
920,東京都杉並区高円寺南3丁目2-11メゾン戸塚105,東京都,杉並区,高円寺南,3-2-11,メゾン戸塚,105,
921,東京都杉並区高円寺南3-6-2,東京都,杉並区,高円寺南,3-6-2,,,
922,東京都杉並区高円寺南3-6-2,東京都,杉並区,高円寺南,3-6-2,,,
923,東京都杉並区高円寺南3-6-2,東京都,杉並区,高円寺南,3-6-2,,,
924,東京都杉並区高円寺南3-57-10,東京都,杉並区,高円寺南,3-57-10,,,
925,東京都杉並区高円寺南4-6-2,東京都,杉並区,高円寺南,4-6-2,,,
926,東京都杉並区高円寺南3-6-2,東京都,杉並区,高円寺南,3-6-2,,,
927,東京都杉並区阿佐谷南1-25-23,東京都,杉並区,阿佐谷南,1-25-23,,,
928,東京都杉並区阿佐谷南3-34-3蜂谷方２階,東京都,杉並区,阿佐谷南,3-34-3,蜂谷方,2階,
929,東京都杉並区阿佐谷南1－42－14　スターロイヤル阿佐ヶ谷306,東京都,杉並区,阿佐谷南,1-42-14,スターロイヤル阿佐ヶ谷,306,
930,東京都杉並区阿佐谷南3－37－10－301,東京都,杉並区,阿佐谷南,3-37-10-301,,,
931,東京都杉並区阿佐谷南3-43-17-106,東京都,杉並区,阿佐谷南,3-43-17-106,,,
932,東京都杉並区阿佐谷南１丁目３４-６-７階,東京都,杉並区,阿佐谷南,1-34-6,,7階,CAUTION: address4と、address5のデータには不正な文字列が含まれている可能性があります。両方について確認することを推奨します。  
933,東京都杉並区阿佐谷南3丁目6－1,東京都,杉並区,阿佐谷南,3-6-1,,,
934,東京都杉並区阿佐谷南１丁目１４-５-２０２,東京都,杉並区,阿佐谷南,1-14-5-202,,,
935,東京都杉並区阿佐谷南3－5－18－101ムロイ社会保険労務士事務所,東京都,杉並区,阿佐谷南,3-5-18-101,ムロイ社会保険労務士事務所,,
936,東京都杉並区阿佐谷南3ー5ー1,東京都,杉並区,阿佐谷南,3-5-1,,,
937,東京都杉並区阿佐谷南3－45－3,東京都,杉並区,阿佐谷南,3-45-3,,,
938,東京都杉並区阿佐谷南3丁目7-13,東京都,杉並区,阿佐谷南,3-7-13,,,
939,東京都杉並区阿佐谷南1丁目8-6,東京都,杉並区,阿佐谷南,1-8-6,,,
940,東京都杉並区阿佐谷南３－３５－２１,東京都,杉並区,阿佐谷南,3-35-21,,,
941,東京都杉並区阿佐谷南１－３５－２３　第一横川ビル３０１,東京都,杉並区,阿佐谷南,1-35-23,第1横川ビル,301,
942,東京都杉並区阿佐谷南１－３５－２３　第一横川ビル３０１,東京都,杉並区,阿佐谷南,1-35-23,第1横川ビル,301,
943,東京都杉並区阿佐谷南３－３２－１７,東京都,杉並区,阿佐谷南,3-32-17,,,
944,東京都杉並区阿佐谷南3-33-3-201,東京都,杉並区,阿佐谷南,3-33-3-201,,,
945,東京都杉並区阿佐谷南2-30-27,東京都,杉並区,阿佐谷南,2-30-27,,,
946,東京都杉並区阿佐谷南1-44-18　白田方,東京都,杉並区,阿佐谷南,1-44-18,白田方,,
947,東京都杉並区阿佐谷南1-20-5,東京都,杉並区,阿佐谷南,1-20-5,,,
948,東京都杉並区阿佐谷南3丁目22-5,東京都,杉並区,阿佐谷南,3-22-5,,,
949,東京都杉並区阿佐谷南3-39-14,東京都,杉並区,阿佐谷南,3-39-14,,,
950,東京都杉並区阿佐谷南２ー２１ー１９,東京都,杉並区,阿佐谷南,2-21-19,,,
951,東京都杉並区阿佐谷南１ー３０ー１７,東京都,杉並区,阿佐谷南,1-30-17,,,
952,東京都杉並区阿佐谷南２ー１ー３,東京都,杉並区,阿佐谷南,2-1-3,,,
953,東京都杉並区阿佐谷南３ー３９ー１０,東京都,杉並区,阿佐谷南,3-39-10,,,
954,東京都杉並区阿佐谷南３ー１４ー８,東京都,杉並区,阿佐谷南,3-14-8,,,
955,東京都杉並区阿佐谷南１ー１７ー１６,東京都,杉並区,阿佐谷南,1-17-16,,,
956,東京都杉並区阿佐谷南３ー４ー２１,東京都,杉並区,阿佐谷南,3-4-21,,,
957,東京都杉並区阿佐谷南３ー９ー２新光ハイツ３０７,東京都,杉並区,阿佐谷南,3-9-2,新光ハイツ,307,
958,東京都杉並区阿佐谷南1ー９ー２２,東京都,杉並区,阿佐谷南,1-9-22,,,
959,東京都杉並区阿佐谷南３ー３ー２４,東京都,杉並区,阿佐谷南,3-3-24,,,
960,東京都杉並区阿佐谷南１ー２３ー７,東京都,杉並区,阿佐谷南,1-23-7,,,
961,東京都杉並区阿佐谷南１ー２５ー２３,東京都,杉並区,阿佐谷南,1-25-23,,,
962,東京都杉並区阿佐谷南3丁目6-15,東京都,杉並区,阿佐谷南,3-6-15,,,
963,東京都杉並区阿佐谷南1丁目13-7鍼灸かぐら,東京都,杉並区,阿佐谷南,1-13-7,鍼灸かぐら,,
964,東京都杉並区阿佐谷南2丁目1-18クラッシーハイツ102,東京都,杉並区,阿佐谷南,2-1-18,クラッシーハイツ,102,
965,東京都杉並区阿佐谷南1-27-35,東京都,杉並区,阿佐谷南,1-27-35,,,
966,東京都杉並区阿佐谷南3-33-3-201,東京都,杉並区,阿佐谷南,3-33-3-201,,,
967,東京都杉並区阿佐谷南1-37-9-202,東京都,杉並区,阿佐谷南,1-37-9-202,,,
968,東京都杉並区阿佐谷南3-18-2,東京都,杉並区,阿佐谷南,3-18-2,,,
969,東京都杉並区阿佐谷南1丁目7-14,東京都,杉並区,阿佐谷南,1-7-14,,,
970,東京都杉並区阿佐谷南1丁目30-17,東京都,杉並区,阿佐谷南,1-30-17,,,
971,東京都杉並区阿佐谷南1丁目32-23,東京都,杉並区,阿佐谷南,1-32-23,,,
972,東京都杉並区阿佐谷南3-49-23,東京都,杉並区,阿佐谷南,3-49-23,,,
973,東京都杉並区阿佐谷南3丁目6-7成田荘202,東京都,杉並区,阿佐谷南,3-6-7,成田荘,202,
974,東京都杉並区阿佐谷南1-35-22,東京都,杉並区,阿佐谷南,1-35-22,,,
975,東京都杉並区阿佐谷南3-37-3　第四志村ビル202,東京都,杉並区,阿佐谷南三-三七-三-第四志村ビル,202,,,ERROR: address2'のデータは、自動チェック機構が参照する日本郵便のデータセットに合致しません。  
976,東京都杉並区阿佐谷南3-37-5「ひげ」内,東京都,杉並区,阿佐谷南,3-37-5,「ひげ」内,,
977,東京都杉並区阿佐谷南3-38-34-2F,東京都,杉並区,阿佐谷南,3-38-34,,2F,CAUTION: address4と、address5のデータには不正な文字列が含まれている可能性があります。両方について確認することを推奨します。  
978,東京都杉並区阿佐谷南1丁目27-17-201,東京都,杉並区,阿佐谷南,1-27-17-201,,,
979,東京都杉並区阿佐谷南2丁目22-12平山荘3,東京都,杉並区,阿佐谷南,2-22-12,平山荘,3,
980,東京都杉並区阿佐谷南2丁目12-7-202,東京都,杉並区,阿佐谷南,2-12-7-202,,,
981,東京都杉並区梅里1－22－32高円寺地域区民センター内,東京都,杉並区,梅里一-二二-三二高円寺地域区,,民センター内,,CAUTION: address4の情報は本来あるべきではない場所にある可能性があります。  ERROR: address2'のデータは、自動チェック機構が参照する日本郵便のデータセットに合致しません。  ERROR: address3の列の情報がありません。  
982,東京都杉並区梅里2－40－18　第3志村ビル203,東京都,杉並区,梅里二-四0-一八-第三志村ビル,203,,,VALUE ERROR: address1のデータには存在しないはずのアラビア数字が含まれています。  ERROR: address2'のデータは、自動チェック機構が参照する日本郵便のデータセットに合致しません。  
983,東京都杉並区梅里2丁目27-16,東京都,杉並区,梅里,2-27-16,,,
984,東京都杉並区梅里1丁目12-13-203,東京都,杉並区,梅里,1-12-13-203,,,
985,東京都杉並区梅里１－１１－８－１０２,東京都,杉並区,梅里,1-11-8-102,,,
986,東京都杉並区梅里1-13-7,東京都,杉並区,梅里,1-13-7,,,
987,東京都杉並区梅里1-5-11テーラー亀田,東京都,杉並区,梅里,1-5-11,テーラー亀田,,
988,東京都杉並区梅里1丁目11-12,東京都,杉並区,梅里,1-11-12,,,
989,東京都杉並区梅里2-30-11,東京都,杉並区,梅里,2-30-11,,,
990,東京都杉並区梅里2-37-19,東京都,杉並区,梅里,2-37-19,,,
991,東京都杉並区梅里2-21-18,東京都,杉並区,梅里,2-21-18,,,
992,東京都杉並区梅里2-34-2,東京都,杉並区,梅里,2-34-2,,,
993,東京都杉並区梅里2-34-2,東京都,杉並区,梅里,2-34-2,,,
994,東京都杉並区梅里1丁目11-7,東京都,杉並区,梅里,1-11-7,,,
995,東京都杉並区梅里2-25-6,東京都,杉並区,梅里,2-25-6,,,
996,東京都杉並区梅里1丁目8-3,東京都,杉並区,梅里,1-8-3,,,
997,東京都杉並区梅里２ー３７ー１８,東京都,杉並区,梅里,2-37-18,,,
998,東京都杉並区梅里２ー３２ー１０,東京都,杉並区,梅里,2-32-10,,,
999,東京都杉並区梅里１ー１６ー７,東京都,杉並区,梅里,1-16-7,,,
1000,東京都杉並区梅里１ー２ー１３,東京都,杉並区,梅里,1-2-13,,,
1001,東京都杉並区梅里２ー１２ー１４,東京都,杉並区,梅里,2-12-14,,,
1002,東京都杉並区梅里１ー２ー１４,東京都,杉並区,梅里,1-2-14,,,
1003,東京都杉並区梅里２ー１７ー４,東京都,杉並区,梅里,2-17-4,,,
1004,東京都杉並区梅里2丁目7-21,東京都,杉並区,梅里,2-7-21,,,
1005,東京都杉並区梅里2丁目40-7,東京都,杉並区,梅里,2-40-7,,,
1006,東京都杉並区梅里2丁目12-15,東京都,杉並区,梅里,2-12-15,,,
1007,東京都杉並区梅里2丁目22-4,東京都,杉並区,梅里,2-22-4,,,
1008,東京都杉並区梅里2丁目34-33,東京都,杉並区,梅里,2-34-33,,,
1009,東京都杉並区梅里2丁目20-3,東京都,杉並区,梅里,2-20-3,,,
1010,東京都杉並区梅里1丁目4-33,東京都,杉並区,梅里,1-4-33,,,
1011,東京都杉並区梅里2丁目31-6,東京都,杉並区,梅里,2-31-6,,,
1012,東京都杉並区梅里2丁目33-7,東京都,杉並区,梅里,2-33-7,,,
1013,東京都杉並区梅里1丁目21-8,東京都,杉並区,梅里,1-21-8,,,
1014,東京都杉並区梅里1丁目3-16,東京都,杉並区,梅里,1-3-16,,,
1015,東京都杉並区梅里1丁目4-41,東京都,杉並区,梅里,1-4-41,,,
1016,東京都杉並区梅里2丁目18-15,東京都,杉並区,梅里,2-18-15,,,
1017,東京都杉並区梅里2丁目8-3,東京都,杉並区,梅里,2-8-3,,,
1018,東京都杉並区梅里2丁目40-19,東京都,杉並区,梅里,2-40-19,,,
1019,東京都杉並区梅里2丁目35-19,東京都,杉並区,梅里,2-35-19,,,
1020,東京都杉並区梅里2丁目9-13-1202,東京都,杉並区,梅里,2-9-13-1202,,,
1021,東京都杉並区梅里1丁目19-6,東京都,杉並区,梅里,1-19-6,,,
1022,東京都杉並区梅里1丁目7-7-502,東京都,杉並区,梅里,1-7-7-502,,,
1023,東京都杉並区梅里2丁目24-8,東京都,杉並区,梅里,2-24-8,,,
1024,東京都杉並区梅里2丁目9-13ラインズM1001,東京都,杉並区,梅里,2-9-13,ラインズM,1001,
1025,東京都杉並区梅里2丁目9-9,東京都,杉並区,梅里,2-9-9,,,
1026,東京都杉並区梅里1丁目5-7,東京都,杉並区,梅里,1-5-7,,,
1027,東京都杉並区梅里1丁目6-1-303,東京都,杉並区,梅里,1-6-1-303,,,
1028,東京都杉並区梅里2丁目34－6,東京都,杉並区,梅里,2-34-6,,,
1029,東京都杉並区梅里1丁目19-17,東京都,杉並区,梅里,1-19-17,,,
1030,東京都杉並区梅里1丁目20-6,東京都,杉並区,梅里,1-20-6,,,
1031,東京都杉並区和田1-59-10,東京都,杉並区,和田,1-59-10,,,
1032,東京都杉並区和田2─22─2東京西部保健生活協同組合,東京都,杉並区,和田,2-22-2,東京西部保健生活協同組合,,
1033,東京都杉並区和田1-46-11東高円寺アムフラット106,東京都,杉並区,和田,1-46-11,東高円寺アムフラット,106,
1034,東京都杉並区和田1丁目38-8,東京都,杉並区,和田,1-38-8,,,
1035,東京都杉並区和田1丁目23-3,東京都,杉並区,和田,1-23-3,,,
1036,東京都杉並区和田3丁目11-4,東京都,杉並区,和田,3-11-4,,,
1037,東京都杉並区和田2-44-16,東京都,杉並区,和田,2-44-16,,,
1038,東京都杉並区和田2-35-7,東京都,杉並区,和田,2-35-7,,,
1039,東京都杉並区和田3-46-2,東京都,杉並区,和田,3-46-2,,,
1040,東京都杉並区和田3-49-7-101,東京都,杉並区,和田,3-49-7-101,,,
1041,東京都杉並区和田1-27-9株式会社はやかわ亭,東京都,杉並区,和田,1-27-9,株式会社はやかわ亭,,
1042,東京都杉並区和田3-20-10,東京都,杉並区,和田,3-20-10,,,
1043,東京都杉並区和田1-70-4,東京都,杉並区,和田,1-70-4,,,
1044,東京都杉並区和田1丁目35-19,東京都,杉並区,和田,1-35-19,,,
1045,東京都杉並区和田３ー１６ー８,東京都,杉並区,和田,3-16-8,,,
1046,東京都杉並区和田３ー１２ー４,東京都,杉並区,和田,3-12-4,,,
1047,東京都杉並区和田１ー６４ー６,東京都,杉並区,和田,1-64-6,,,
1048,東京都杉並区和田１ー６７ー６,東京都,杉並区,和田,1-67-6,,,
1049,東京都杉並区和田１ー３５ー６,東京都,杉並区,和田,1-35-6,,,
1050,東京都杉並区和田３ー７ー１１,東京都,杉並区,和田,3-7-11,,,
1051,東京都杉並区和田３ー３１ー１５,東京都,杉並区,和田,3-31-15,,,
1052,東京都杉並区和田３ー３１ー６,東京都,杉並区,和田,3-31-6,,,
1053,東京都杉並区和田1丁目52-3,東京都,杉並区,和田,1-52-3,,,
1054,東京都杉並区和田1丁目44-8,東京都,杉並区,和田,1-44-8,,,
1055,東京都杉並区和田2丁目22-11,東京都,杉並区,和田,2-22-11,,,
1056,東京都杉並区和田3丁目26-2,東京都,杉並区,和田,3-26-2,,,
1057,東京都杉並区和田1丁目43-18,東京都,杉並区,和田,1-43-18,,,
1058,東京都杉並区和田2丁目21-3,東京都,杉並区,和田,2-21-3,,,
1059,東京都杉並区和田3丁目12-13,東京都,杉並区,和田,3-12-13,,,
1060,東京都杉並区和田1丁目16-8,東京都,杉並区,和田,1-16-8,,,
1061,東京都杉並区和田3丁目54-12,東京都,杉並区,和田,3-54-12,,,
1062,東京都杉並区和田3丁目11-22,東京都,杉並区,和田,3-11-22,,,
1063,東京都杉並区和田3丁目8-16,東京都,杉並区,和田,3-8-16,,,
1064,東京都杉並区和田3丁目12-1,東京都,杉並区,和田,3-12-1,,,
1065,東京都杉並区和田2丁目22-5,東京都,杉並区,和田,2-22-5,,,
1066,東京都杉並区和田2丁目8-26,東京都,杉並区,和田,2-8-26,,,
1067,東京都杉並区和田1丁目65-6,東京都,杉並区,和田,1-65-6,,,
1068,東京都杉並区和田3丁目31-5,東京都,杉並区,和田,3-31-5,,,
1069,東京都杉並区和田1丁目8-14,東京都,杉並区,和田,1-8-14,,,
1070,東京都杉並区和田3丁目24-11,東京都,杉並区,和田,3-24-11,,,
1071,東京都杉並区和田2丁目3-15,東京都,杉並区,和田,2-3-15,,,
1072,東京都杉並区和田1丁目20-3,東京都,杉並区,和田,1-20-3,,,
1073,東京都杉並区和田1丁目29-17,東京都,杉並区,和田,1-29-17,,,
1074,東京都杉並区和田1丁目34-8,東京都,杉並区,和田,1-34-8,,,
1075,東京都杉並区和田1丁目71-18,東京都,杉並区,和田,1-71-18,,,
1076,東京都杉並区和田3丁目12-2,東京都,杉並区,和田,3-12-2,,,
1077,東京都杉並区和田3丁目54-12,東京都,杉並区,和田,3-54-12,,,
1078,東京都杉並区和田3丁目15-13,東京都,杉並区,和田,3-15-13,,,
1079,東京都杉並区和田1丁目22-15,東京都,杉並区,和田,1-22-15,,,
1080,東京都杉並区和田1丁目14-14,東京都,杉並区,和田,1-14-14,,,
1081,東京都杉並区和田3丁目11-11,東京都,杉並区,和田,3-11-11,,,
1082,東京都杉並区和田2-37-7プラウド杉並和田グランドコー109,東京都,杉並区,和田,2-37-7,プラウド杉並和田グランドコ,109,
1083,東京都杉並区和田1-4-12-501,東京都,杉並区,和田,1-4-12-501,,,
1084,東京都杉並区和田1-33-28-106,東京都,杉並区,和田,1-33-28-106,,,
1085,東京都杉並区和田1-66-11,東京都,杉並区,和田,1-66-11,,,
1086,東京都杉並区和田2-2-16-102,東京都,杉並区,和田,2-2-16-102,,,
1087,東京都杉並区和田2-21-31-205,東京都,杉並区,和田,2-21-31-205,,,
1088,東京都杉並区和田1-19-13ザ パークハウス杉並和田609,東京都,杉並区,和田,1-19-13,ザーパークハウス杉並和田,609,
1089,東京都杉並区和田1-57-N709,東京都,杉並区,和田,1-57,N,709,
1090,東京都杉並区和田1-20-2,東京都,杉並区,和田,1-20-2,,,
1091,東京都杉並区和田2-14-14-402,東京都,杉並区,和田,2-14-14-402,,,
1092,東京都杉並区和田1丁目6-5,東京都,杉並区,和田,1-6-5,,,
1093,東京都杉並区和田1-36-32-204,東京都,杉並区,和田,1-36-32-204,,,
1094,東京都杉並区和田1-43-24-207,東京都,杉並区,和田,1-43-24-207,,,
1095,東京都杉並区和田3-49-21,東京都,杉並区,和田,3-49-21,,,
1096,東京都杉並区和田1-31-13柏2ハイム301,東京都,杉並区,和田,1-31-13,柏2ハイム,301,
1097,東京都杉並区和田2丁目5-1-601,東京都,杉並区,和田,2-5-1-601,,,
1098,東京都杉並区和田3丁目47-2,東京都,杉並区,和田,3-47-2,,,
1099,東京都杉並区和田1丁目38-11,東京都,杉並区,和田,1-38-11,,,
1100,東京都杉並区和田2丁目26-3-2306,東京都,杉並区,和田,2-26-3-2306,,,
1101,東京都杉並区和田2-22-2,東京都,杉並区,和田,2-22-2,,,
1102,東京都杉並区和田2-22-2,東京都,杉並区,和田,2-22-2,,,
1103,東京都杉並区和田1丁目50－6,東京都,杉並区,和田,1-50-6,,,
1104,東京都杉並区堀ノ内1丁目2番10-302号,東京都,杉並区,堀ノ内,1-2-10,,302号,CAUTION: address4と、address5のデータには不正な文字列が含まれている可能性があります。両方について確認することを推奨します。  
1105,東京都杉並区堀ノ内2－6－21　C-203,東京都,杉並区,堀ノ内,2-6-21,C,203,
1106,東京都杉並区堀ノ内3-33-4,東京都,杉並区,堀ノ内,3-33-4,,,
1107,東京都杉並区堀ノ内2－29－21,東京都,杉並区,堀ノ内,2-29-21,,,
1108,東京都杉並区堀ノ内2-11-32,東京都,杉並区,堀ノ内,2-11-32,,,
1109,東京都杉並区堀ノ内2丁目12-7,東京都,杉並区,堀ノ内,2-12-7,,,
1110,東京都杉並区堀ノ内2-18-19,東京都,杉並区,堀ノ内,2-18-19,,,
1111,東京都杉並区堀ノ内３丁目２１-１４,東京都,杉並区,堀ノ内,3-21-14,,,
1112,東京都杉並区堀ノ内１丁目８-３-２０６,東京都,杉並区,堀ノ内,1-8-3-206,,,
1113,東京都杉並区堀ノ内2丁目4-22-405,東京都,杉並区,堀ノ内,2-4-22-405,,,
1114,東京都杉並区堀ノ内3-47-21,東京都,杉並区,堀ノ内,3-47-21,,,
1115,東京都杉並区堀ノ内3-47-21,東京都,杉並区,堀ノ内,3-47-21,,,
1116,東京都杉並区堀ノ内1-27-2,東京都,杉並区,堀ノ内,1-27-2,,,
1117,東京都杉並区堀ノ内3-20-19-318,東京都,杉並区,堀ノ内,3-20-19-318,,,
1118,東京都杉並区堀ノ内1-8-34-105,東京都,杉並区,堀ノ内,1-8-34-105,,,
1119,東京都杉並区堀ノ内3-49-19-1309,東京都,杉並区,堀ノ内,3-49-19-1309,,,
1120,東京都杉並区堀ノ内2-6-21　ロ-302,東京都,杉並区,堀ノ内,2-6-21,ロ,302,
1121,東京都杉並区堀ノ内2丁目5-19,東京都,杉並区,堀ノ内,2-5-19,,,
1122,東京都杉並区堀ノ内2丁目7-9,東京都,杉並区,堀ノ内,2-7-9,,,
1123,東京都杉並区堀ノ内3丁目9-15,東京都,杉並区,堀ノ内,3-9-15,,,
1124,東京都杉並区堀ノ内1-8-22-602,東京都,杉並区,堀ノ内,1-8-22-602,,,
1125,東京都杉並区堀ノ内2-36-2,東京都,杉並区,堀ノ内,2-36-2,,,
1126,東京都杉並区堀ノ内２ー１０ー２,東京都,杉並区,堀ノ内,2-10-2,,,
1127,東京都杉並区堀ノ内１ー１７ー１０,東京都,杉並区,堀ノ内,1-17-10,,,
1128,東京都杉並区堀ノ内３ー１６ー６,東京都,杉並区,堀ノ内,3-16-6,,,
1129,東京都杉並区堀ノ内３ー３ー１３,東京都,杉並区,堀ノ内,3-3-13,,,
1130,東京都杉並区堀ノ内３ー２７ー６,東京都,杉並区,堀ノ内,3-27-6,,,
1131,東京都杉並区堀ノ内３ー２ー３,東京都,杉並区,堀ノ内,3-2-3,,,
1132,東京都杉並区堀ノ内２ー１８ー２８,東京都,杉並区,堀ノ内,2-18-28,,,
1133,東京都杉並区堀ノ内3丁目49-19-712,東京都,杉並区,堀ノ内,3-49-19-712,,,
1134,東京都杉並区堀ノ内3丁目43-13,東京都,杉並区,堀ノ内,3-43-13,,,
1135,東京都杉並区堀ノ内2丁目33-18,東京都,杉並区,堀ノ内,2-33-18,,,
1136,東京都杉並区堀ノ内2丁目1-21,東京都,杉並区,堀ノ内,2-1-21,,,
1137,東京都杉並区堀ノ内2丁目6-21-B-302,東京都,杉並区,堀ノ内,2-6-21,B,302,
1138,東京都杉並区堀ノ内3丁目42-12,東京都,杉並区,堀ノ内,3-42-12,,,
1139,東京都杉並区堀ノ内3丁目14-5,東京都,杉並区,堀ノ内,3-14-5,,,
1140,東京都杉並区堀ノ内1丁目8-3-1005,東京都,杉並区,堀ノ内,1-8-3-1005,,,
1141,東京都杉並区堀ノ内2丁目1-34,東京都,杉並区,堀ノ内,2-1-34,,,
1142,東京都杉並区堀ノ内2丁目1-26,東京都,杉並区,堀ノ内,2-1-26,,,
1143,東京都杉並区堀ノ内3丁目7-10,東京都,杉並区,堀ノ内,3-7-10,,,
1144,東京都杉並区堀ノ内3丁目16-43,東京都,杉並区,堀ノ内,3-16-43,,,
1145,東京都杉並区堀ノ内2丁目4-11-201,東京都,杉並区,堀ノ内,2-4-11-201,,,
1146,東京都杉並区堀ノ内2丁目14-14,東京都,杉並区,堀ノ内,2-14-14,,,
1147,東京都杉並区堀ノ内2丁目34-5-304,東京都,杉並区,堀ノ内,2-34-5-304,,,
1148,東京都杉並区堀ノ内3丁目47-11-202,東京都,杉並区,堀ノ内,3-47-11-202,,,
1149,東京都杉並区堀ノ内2丁目37-43,東京都,杉並区,堀ノ内,2-37-43,,,
1150,東京都杉並区堀ノ内3丁目1-8,東京都,杉並区,堀ノ内,3-1-8,,,
1151,東京都杉並区堀ノ内2丁目21-1,東京都,杉並区,堀ノ内,2-21-1,,,
1152,東京都杉並区堀ノ内1丁目7-9-30,東京都,杉並区,堀ノ内,1-7-9-30,,,
1153,東京都杉並区堀ノ内2丁目14-5,東京都,杉並区,堀ノ内,2-14-5,,,
1154,東京都杉並区堀ノ内3丁目34-9,東京都,杉並区,堀ノ内,3-34-9,,,
1155,東京都杉並区堀ノ内1丁目8-3-809,東京都,杉並区,堀ノ内,1-8-3-809,,,
1156,東京都杉並区堀ノ内3丁目49-19-824,東京都,杉並区,堀ノ内,3-49-19-824,,,
1157,東京都杉並区堀ノ内2丁目15-3,東京都,杉並区,堀ノ内,2-15-3,,,
1158,東京都杉並区堀ノ内3丁目6-3,東京都,杉並区,堀ノ内,3-6-3,,,
1159,東京都杉並区堀ノ内2丁目17-14,東京都,杉並区,堀ノ内,2-17-14,,,
1160,東京都杉並区堀ノ内2丁目1-29-305,東京都,杉並区,堀ノ内,2-1-29-305,,,
1161,東京都杉並区堀ノ内3丁目23-12,東京都,杉並区,堀ノ内,3-23-12,,,
1162,東京都杉並区堀ノ内3丁目48-54,東京都,杉並区,堀ノ内,3-48-54,,,
1163,東京都杉並区堀ノ内3丁目28-15-102,東京都,杉並区,堀ノ内,3-28-15-102,,,
1164,東京都杉並区堀ノ内1丁目-8-3-910,東京都,杉並区,堀ノ内,8-3-910,,,ERROR: データは、整形不可能な状態です。自動整形システムは正しく動作しません。この行の全ての結果を確認することを推奨します。  ERROR: データは、整形不可能な状態です。自動整形システムは正しく動作しません。この行の全ての結果を確認することを推奨します。  
1165,東京都杉並区堀ノ内1丁目7-23-A105,東京都,杉並区,堀ノ内,1-7-23,A,105,
1166,東京都杉並区堀ノ内3-44-4,東京都,杉並区,堀ノ内,3-44-4,,,
1167,東京都杉並区堀ノ内2-6-21　パークハイム杉並Ｇ501,東京都,杉並区,堀ノ内,2-6-21,パークハイム杉並G,501,
1168,東京都杉並区堀ノ内1-8-34-318,東京都,杉並区,堀ノ内,1-8-34-318,,,
1169,東京都杉並区堀ノ内3-46-14,東京都,杉並区,堀ノ内,3-46-14,,,
1170,東京都杉並区堀ノ内2丁目1-26,東京都,杉並区,堀ノ内,2-1-26,,,
1171,東京都杉並区堀ノ内2-1-36-402,東京都,杉並区,堀ノ内,2-1-36-402,,,
1172,東京都杉並区堀ノ内3-2-8イーストグランディア103,東京都,杉並区,堀ノ内,3-2-8,イーストグランディア,103,
1173,東京都杉並区堀ノ内3-20-19-212,東京都,杉並区,堀ノ内,3-20-19-212,,,
1174,東京都杉並区堀ノ内2-33-4,東京都,杉並区,堀ノ内,2-33-4,,,
1175,東京都杉並区堀ノ内2丁目31-2-403,東京都,杉並区,堀ノ内,2-31-2-403,,,
1176,東京都杉並区堀ノ内1丁目5-22,東京都,杉並区,堀ノ内,1-5-22,,,
1177,東京都杉並区堀ノ内2丁目35-1,東京都,杉並区,堀ノ内,2-35-1,,,
1178,東京都杉並区堀ノ内1丁目8-3-809,東京都,杉並区,堀ノ内,1-8-3-809,,,
1179,東京都杉並区堀ノ内3丁目20-11-204,東京都,杉並区,堀ノ内,3-20-11-204,,,
1180,東京都杉並区堀ノ内2-4-22プレステージ杉並　207,東京都,杉並区,堀ノ内,2-4-22,プレステージ杉並,207,
1181,東京都杉並区堀ノ内3丁目52－23－306,東京都,杉並区,堀ノ内,3-52-23-306,,,
1182,東京都杉並区堀ノ内3-48-3,東京都,杉並区,堀ノ内,3-48-3,,,
1183,東京都杉並区堀ノ内1丁目9－26,東京都,杉並区,堀ノ内,1-9-26,,,
1184,東京都杉並区松ノ木２丁目１-１２MKビル,東京都,杉並区,松ノ木,2-1-12,MKビル,,
